,MAKE,MODEL,VEHICLE CLASS,ENGINE SIZE,CYLINDERS,TRANSMISSION,FUEL,FUEL CONSUMPTION,COEMISSIONS ,MAXIMUM RANGE
328,HONDA,INSIGHT,SUBCOMPACT,1.0,3,M5,GS,4.9,104,582
114,CHEVROLET,METRO,SUBCOMPACT,1.0,3,M5,GP,7.1,147,680
467,PONTIAC,FIREFLY,SUBCOMPACT,1.0,3,M5,GS,7.1,147,665
116,CHEVROLET,METRO,SUBCOMPACT,1.3,4,M5,DP,7.6,156,721
533,SUZUKI,SWIFT,SUBCOMPACT,1.3,4,M5,DS,7.6,156,593
469,PONTIAC,FIREFLY,SUBCOMPACT,1.3,4,M5,DS,7.6,156,729
603,VOLKSWAGEN,JETTA TDI DIESEL,COMPACT,1.9,4,M5,DS,6.7,165,571
591,VOLKSWAGEN,GOLF TDI DIESEL,COMPACT,1.9,4,M5,DP,6.7,165,742
609,VOLKSWAGEN,NEW BEETLE TDI DIESEL,SUBCOMPACT,1.9,4,M5,DP,6.7,165,716
558,TOYOTA,ECHO,COMPACT,1.5,4,M5,GS,8.2,173,724
556,TOYOTA,COROLLA,COMPACT,1.8,4,M5,GS,8.7,179,766
557,TOYOTA,ECHO,COMPACT,1.5,4,A4,GS,8.6,179,698
527,SUZUKI,ESTEEM,SUBCOMPACT,1.6,4,M5,DP,8.8,182,633
325,HONDA,CIVIC CX/DX/LX/EX,SUBCOMPACT,1.6,4,M5,DP,8.8,184,729
509,SATURN,SL,COMPACT,1.9,4,M5,GP,9.3,184,654
555,TOYOTA,COROLLA,COMPACT,1.8,4,A4,GS,9.3,189,610
468,PONTIAC,FIREFLY,SUBCOMPACT,1.3,4,A3,DS,9.1,191,592
532,SUZUKI,SWIFT,SUBCOMPACT,1.3,4,A3,DS,9.1,191,557
115,CHEVROLET,METRO,SUBCOMPACT,1.3,4,A3,GS,9.1,191,623
505,SATURN,SC,SUBCOMPACT,1.9,4,M5,GP,9.8,191,731
590,VOLKSWAGEN,GOLF TDI DIESEL,COMPACT,1.9,4,A4,DS,8.1,192,689
602,VOLKSWAGEN,JETTA TDI DIESEL,COMPACT,1.9,4,A4,DS,8.1,192,596
608,VOLKSWAGEN,NEW BEETLE TDI DIESEL,SUBCOMPACT,1.9,4,A4,DS,8.1,192,748
529,SUZUKI,ESTEEM WAGON,STATION WAGON - SMALL,1.8,4,M5,DP,9.6,196,584
334,HYUNDAI,ACCENT,COMPACT,1.5,4,M5,GS,9.7,198,723
145,CHRYSLER,NEON,COMPACT,2.0,4,M5,DP,9.6,198,584
508,SATURN,SL,COMPACT,1.9,4,A4,GS,10.1,198,597
504,SATURN,SC,SUBCOMPACT,1.9,4,A4,GS,10.1,200,668
513,SATURN,SW WAGON #,STATION WAGON - SMALL,1.9,4,M5,DP,10.3,202,756
324,HONDA,CIVIC CX/DX/LX/EX,SUBCOMPACT,1.6,4,A4,DS,10.0,202,728
511,SATURN,SL #,COMPACT,1.9,4,M5,DP,10.3,202,658
507,SATURN,SC #,SUBCOMPACT,1.9,4,M5,GP,10.3,202,681
526,SUZUKI,ESTEEM,SUBCOMPACT,1.6,4,A4,DS,9.9,205,596
322,HONDA,CIVIC COUPE Si,SUBCOMPACT,1.6,4,M5,DP,9.8,205,577
551,TOYOTA,CELICA,SUBCOMPACT,1.8,4,A4,GS,10.1,205,581
512,SATURN,SW WAGON #,STATION WAGON - SMALL,1.9,4,A4,DS,10.6,207,637
510,SATURN,SL #,COMPACT,1.9,4,A4,DS,10.6,207,609
411,MAZDA,PROTEGE,COMPACT,1.6,4,M5,DP,9.8,207,616
506,SATURN,SC #,SUBCOMPACT,1.9,4,A4,GS,10.6,207,755
333,HYUNDAI,ACCENT,COMPACT,1.5,4,A4,GS,10.5,209,673
553,TOYOTA,CELICA,SUBCOMPACT,1.8,4,M5,GS,10.0,209,608
528,SUZUKI,ESTEEM WAGON,STATION WAGON - SMALL,1.8,4,A4,DS,10.3,209,610
413,MAZDA,PROTEGE,COMPACT,1.8,4,M5,GP,10.2,212,770
228,FORD,ESCORT ZX2,COMPACT,2.0,4,A4,GS,10.6,216,721
253,FORD,FOCUS SEDAN,COMPACT,2.0,4,M5,GP,10.8,216,707
321,HONDA,CIVIC COUPE Si,SUBCOMPACT,1.6,4,A4,DS,10.5,216,639
229,FORD,ESCORT ZX2,COMPACT,2.0,4,M5,DP,10.6,216,645
255,FORD,FOCUS WAGON,STATION WAGON - MID-SIZE,2.0,4,M5,DP,10.9,216,612
395,MAZDA,626,MID-SIZE,2.0,4,M5,DP,10.6,219,597
216,FORD,COUGAR,COMPACT,2.0,4,M5,GP,11.1,219,763
254,FORD,FOCUS WAGON,STATION WAGON - MID-SIZE,2.0,4,A4,DS,10.6,219,651
320,HONDA,ACCORD EX/LX,MID-SIZE,2.3,4,M5,GP,10.8,221,569
410,MAZDA,PROTEGE,COMPACT,1.6,4,A4,DS,10.6,221,739
252,FORD,FOCUS SEDAN,COMPACT,2.0,4,A4,GS,10.8,221,559
10,AUDI,A4,COMPACT,1.8,4,M5,GS,11.1,223,585
144,CHRYSLER,NEON,COMPACT,2.0,4,A3,DS,10.9,223,634
323,HONDA,CIVIC COUPE SiR,SUBCOMPACT,1.6,4,M5,DP,10.9,223,686
336,HYUNDAI,ELANTRA,COMPACT,2.0,4,M5,GP,11.3,223,639
605,VOLKSWAGEN,NEW BEETLE,SUBCOMPACT,1.8,4,M5,DP,10.6,223,701
587,VOLKSWAGEN,GOLF,COMPACT,1.8,4,M5,GP,11.1,225,633
592,VOLKSWAGEN,GTI,COMPACT,1.8,4,M5,GP,11.1,225,765
611,VOLKSWAGEN,PASSAT,MID-SIZE,1.8,4,M5,GP,11.2,225,602
615,VOLKSWAGEN,PASSAT WAGON,STATION WAGON - MID-SIZE,1.8,4,M5,GP,11.2,225,709
597,VOLKSWAGEN,JETTA,COMPACT,1.8,4,M5,GP,11.1,225,709
338,HYUNDAI,ELANTRA WAGON,STATION WAGON - SMALL,2.0,4,M5,GP,11.4,228,704
130,CHEVROLET,TRACKER CONVERTIBLE 4X4,SUV,1.6,4,M5,GP,10.5,228,747
342,HYUNDAI,TIBURON,SUBCOMPACT,2.0,4,M5,DP,11.4,228,606
589,VOLKSWAGEN,GOLF,COMPACT,2.0,4,M5,GP,11.2,228,561
594,VOLKSWAGEN,GTI,COMPACT,2.0,4,M5,GP,11.2,228,631
536,SUZUKI,VITARA CONVERTIBLE 4X4,SUV,1.6,4,M5,DP,10.5,228,614
545,TOYOTA,CAMRY,MID-SIZE,2.2,4,M5,DP,11.4,228,579
607,VOLKSWAGEN,NEW BEETLE,SUBCOMPACT,2.0,4,M5,DP,11.2,228,673
599,VOLKSWAGEN,JETTA,COMPACT,2.0,4,M5,GP,11.2,228,601
583,VOLKSWAGEN,CABRIO,SUBCOMPACT,2.0,4,M5,DP,11.2,230,750
408,MAZDA,MX-5 MIATA,SUBCOMPACT,1.8,4,M5,GP,11.1,230,636
412,MAZDA,PROTEGE,COMPACT,1.8,4,A4,GS,11.2,230,553
554,TOYOTA,CELICA,SUBCOMPACT,1.8,4,M6,GS,11.6,230,593
344,INFINITI,G20,COMPACT,2.0,4,M5,GP,11.4,230,647
478,PONTIAC,SUNFIRE,SUBCOMPACT,2.2,4,A4,DS,11.6,232,725
90,CHEVROLET,CAVALIER,SUBCOMPACT,2.2,4,A4,GS,11.6,232,742
560,TOYOTA,RAV4,SUV,2.0,4,M5,DS,11.2,232,732
564,TOYOTA,RAV4 SOFT TOP,SUV,2.0,4,M5,DS,11.2,232,665
373,KIA,SEPHIA,COMPACT,1.8,4,A4,GS,11.7,235,605
318,HONDA,ACCORD DX,MID-SIZE,2.3,4,M5,GP,11.5,235,622
563,TOYOTA,RAV4 SOFT TOP,SUV,2.0,4,A4,DS,11.3,235,658
500,SATURN,LS,MID-SIZE,2.2,4,M5,DP,12.2,235,555
479,PONTIAC,SUNFIRE,SUBCOMPACT,2.2,4,M5,DP,12.2,235,695
437,NISSAN,ALTIMA,COMPACT,2.4,4,M5,DP,11.6,235,691
559,TOYOTA,RAV4,SUV,2.0,4,A4,DS,11.3,235,653
91,CHEVROLET,CAVALIER,SUBCOMPACT,2.2,4,M5,GS,12.2,235,676
481,PONTIAC,SUNFIRE,SUBCOMPACT,2.4,4,M5,DP,12.1,235,763
343,INFINITI,G20,COMPACT,2.0,4,A4,GS,11.6,235,577
93,CHEVROLET,CAVALIER,SUBCOMPACT,2.4,4,M5,GS,12.1,235,720
319,HONDA,ACCORD EX/LX,MID-SIZE,2.3,4,A4,GS,11.8,237,761
374,KIA,SEPHIA,COMPACT,1.8,4,M5,GP,11.2,237,758
552,TOYOTA,CELICA,SUBCOMPACT,1.8,4,AS4,GS,11.6,237,719
499,SATURN,LS,MID-SIZE,2.2,4,A4,DS,11.9,239,550
544,TOYOTA,CAMRY,MID-SIZE,2.2,4,A4,DS,11.8,239,611
409,MAZDA,MX-5 MIATA,SUBCOMPACT,1.8,4,M6,GP,11.5,239,658
520,SUBARU,IMPREZA WAGON AWD,STATION WAGON - SMALL,2.2,4,A4,GP,11.7,239,768
516,SUBARU,IMPREZA AWD,SUBCOMPACT,2.2,4,A4,GP,11.7,239,675
547,TOYOTA,CAMRY SOLARA,COMPACT,2.2,4,A4,GS,11.8,239,555
517,SUBARU,IMPREZA AWD,SUBCOMPACT,2.2,4,M5,GP,11.8,242,675
521,SUBARU,IMPREZA WAGON AWD,STATION WAGON - SMALL,2.2,4,M5,GP,11.8,242,725
470,PONTIAC,GRAND AM,COMPACT,2.4,4,A4,DS,12.1,242,705
335,HYUNDAI,ELANTRA,COMPACT,2.0,4,A4,GS,12.2,242,565
455,OLDSMOBILE,ALERO,COMPACT,2.4,4,A4,GS,12.1,242,570
477,PONTIAC,SUNFIRE,SUBCOMPACT,2.2,4,A3,DS,11.8,242,669
94,CHEVROLET,CAVALIER BIFUEL,SUBCOMPACT,2.2,4,A3,GS,11.8,242,656
434,MERCEDES-BENZ,SLK 230 KOMPRESSOR #,SUBCOMPACT,2.3,4,A5,GS,12.0,242,763
341,HYUNDAI,TIBURON,SUBCOMPACT,2.0,4,A4,DS,12.2,244,657
471,PONTIAC,GRAND AM,COMPACT,2.4,4,M5,DP,12.5,244,556
593,VOLKSWAGEN,GTI,COMPACT,2.0,4,A4,GS,11.9,244,754
518,SUBARU,IMPREZA AWD,SUBCOMPACT,2.5,4,A4,GP,11.8,244,738
407,MAZDA,MX-5 MIATA,SUBCOMPACT,1.8,4,A4,GS,11.9,244,712
588,VOLKSWAGEN,GOLF,COMPACT,2.0,4,A4,GS,11.9,244,748
456,OLDSMOBILE,ALERO,COMPACT,2.4,4,M5,GP,12.5,244,574
606,VOLKSWAGEN,NEW BEETLE,SUBCOMPACT,2.0,4,A4,DS,11.9,244,674
502,SATURN,LW WAGON,STATION WAGON - MID-SIZE,2.2,4,A4,DS,12.1,244,554
598,VOLKSWAGEN,JETTA,COMPACT,2.0,4,A4,GS,11.9,244,752
29,AUDI,TT ROADSTER,TWO-SEATER,1.8,4,M5,GP,12.3,246,642
348,ISUZU,HOMBRE,PICKUP TRUCK - SMALL,2.2,4,M5,DP,12.2,246,566
514,SUBARU,FORESTER AWD,SUV,2.5,4,A4,GS,12.2,246,629
14,AUDI,A4 QUATTRO,COMPACT,1.8,4,M5,GP,12.1,246,622
435,MERCEDES-BENZ,SLK 230 KOMPRESSOR #,SUBCOMPACT,2.3,4,M5,GS,12.6,246,637
123,CHEVROLET,S10,PICKUP TRUCK - SMALL,2.2,4,M5,GP,12.2,246,681
311,GMC,SONOMA,PICKUP TRUCK - SMALL,2.2,4,M5,GP,12.2,246,617
317,HONDA,ACCORD DX,MID-SIZE,2.3,4,A4,GS,12.2,246,725
586,VOLKSWAGEN,GOLF,COMPACT,1.8,4,A4,GS,12.1,248,643
596,VOLKSWAGEN,JETTA,COMPACT,1.8,4,A4,GS,12.1,248,580
515,SUBARU,FORESTER AWD,SUV,2.5,4,M5,GP,12.5,248,713
604,VOLKSWAGEN,NEW BEETLE,SUBCOMPACT,1.8,4,A4,DP,11.9,248,725
480,PONTIAC,SUNFIRE,SUBCOMPACT,2.4,4,A4,DS,12.5,248,612
92,CHEVROLET,CAVALIER,SUBCOMPACT,2.4,4,A4,GS,12.5,248,765
337,HYUNDAI,ELANTRA WAGON,STATION WAGON - SMALL,2.0,4,A4,GS,12.5,248,669
543,TOYOTA,AVALON,FULL-SIZE,3.0,6,A4,GP,12.7,251,743
331,HONDA,PRELUDE,SUBCOMPACT,2.2,4,M5,GP,12.0,251,683
565,TOYOTA,RAV4 SOFT TOP 4X4,SUV,2.0,4,A4,DS,11.8,251,632
414,MERCEDES-BENZ,C 230 KOMPRESSOR #,COMPACT,2.3,4,A5,GP,12.5,251,618
625,VOLVO,S70,MID-SIZE,2.4,5,M5,GS,12.6,251,744
534,SUZUKI,VITARA 4X4,SUV,2.0,4,A4,GS,11.7,251,693
633,VOLVO,V70,STATION WAGON - MID-SIZE,2.4,5,M5,GS,12.6,251,571
9,AUDI,A4,COMPACT,1.8,4,A5,GS,12.9,251,621
131,CHEVROLET,TRACKER CONVERTIBLE 4X4,SUV,2.0,4,A4,GS,11.7,251,738
128,CHEVROLET,TRACKER 4X4,SUV,2.0,4,A4,DS,11.7,251,655
522,SUBARU,LEGACY AWD,COMPACT,2.5,4,A4,GP,12.2,253,707
569,TOYOTA,TACOMA,PICKUP TRUCK - STANDARD,2.4,4,M5,GP,12.2,253,600
421,MERCEDES-BENZ,E 320,MID-SIZE,3.2,6,A5,GP,12.9,253,744
582,VOLKSWAGEN,CABRIO,SUBCOMPACT,2.0,4,A4,DS,12.6,253,584
523,SUBARU,LEGACY AWD,COMPACT,2.5,4,M5,GP,12.5,253,650
525,SUBARU,LEGACY WAGON AWD,STATION WAGON - MID-SIZE,2.5,4,M5,GP,12.5,253,760
446,NISSAN,MAXIMA,MID-SIZE,3.0,6,M5,DP,12.3,253,761
549,TOYOTA,CAMRY SOLARA,COMPACT,3.0,6,M5,GP,12.7,253,736
535,SUZUKI,VITARA 4X4,SUV,2.0,4,M5,GP,11.8,253,684
537,SUZUKI,VITARA CONVERTIBLE 4X4,SUV,2.0,4,A4,GS,11.7,253,597
566,TOYOTA,RAV4 SOFT TOP 4X4,SUV,2.0,4,M5,DS,11.9,253,766
60,BUICK,CENTURY,MID-SIZE,3.1,6,A4,GS,13.1,255,678
132,CHEVROLET,TRACKER CONVERTIBLE 4X4,SUV,2.0,4,M5,DP,11.9,255,550
524,SUBARU,LEGACY WAGON AWD,STATION WAGON - MID-SIZE,2.5,4,A4,GP,12.2,255,589
491,SAAB,9-3 TURBO,MID-SIZE,2.0,4,M5,DP,12.9,255,627
473,PONTIAC,GRAND PRIX,MID-SIZE,3.1,6,A4,GP,13.1,255,637
113,CHEVROLET,MALIBU,MID-SIZE,3.1,6,A4,DS,13.1,255,572
439,NISSAN,FRONTIER,PICKUP TRUCK - STANDARD,2.4,4,M5,DP,12.1,255,686
417,MERCEDES-BENZ,CLK 320,SUBCOMPACT,3.2,6,A5,GP,12.9,255,605
129,CHEVROLET,TRACKER 4X4,SUV,2.0,4,M5,DP,11.9,255,659
538,SUZUKI,VITARA CONVERTIBLE 4X4,SUV,2.0,4,M5,GP,11.8,255,664
614,VOLKSWAGEN,PASSAT WAGON,STATION WAGON - MID-SIZE,1.8,4,A5,GP,13.2,258,582
42,BMW,528i,COMPACT,2.8,6,M5,GP,13.0,258,758
561,TOYOTA,RAV4 4X4,SUV,2.0,4,A4,DS,12.2,258,761
610,VOLKSWAGEN,PASSAT,MID-SIZE,1.8,4,A5,GP,13.2,258,724
36,BMW,323i,COMPACT,2.5,6,M5,DP,13.0,258,621
140,CHRYSLER,INTREPID,FULL-SIZE,2.7,6,AS4,GP,13.2,258,606
38,BMW,328Ci,COMPACT,2.8,6,M5,DP,13.0,258,767
562,TOYOTA,RAV4 4X4,SUV,2.0,4,M5,DS,12.1,258,614
34,BMW,323Ci,COMPACT,2.5,6,M5,GP,13.0,258,685
492,SAAB,9-3 TURBO,MID-SIZE,2.3,4,M5,GP,13.1,258,611
394,MAZDA,626,MID-SIZE,2.0,4,A4,GS,12.7,258,669
415,MERCEDES-BENZ,C 280,COMPACT,2.8,6,A5,GP,12.7,258,590
436,NISSAN,ALTIMA,COMPACT,2.4,4,A4,GS,12.8,258,660
519,SUBARU,IMPREZA AWD,SUBCOMPACT,2.5,4,M5,GP,12.8,258,561
40,BMW,328i,COMPACT,2.8,6,M5,DP,13.0,258,637
30,AUDI,TT ROADSTER QUATTRO (SUPERCHARGED),TWO-SEATER,1.8,4,M6,GP,13.1,260,555
28,AUDI,TT COUPE QUATTRO (SUPERCHARGED),MINICOMPACT,1.8,4,M6,GP,13.1,260,736
218,FORD,COUGAR,COMPACT,2.5,6,M5,DP,13.3,260,704
497,SAAB,9-5 WAGON TURBO,STATION WAGON - MID-SIZE,2.3,4,M5,GP,13.2,260,614
494,SAAB,9-5 TURBO,FULL-SIZE,2.3,4,M5,GP,13.2,260,719
316,HONDA,ACCORD,MID-SIZE,3.0,6,A4,GP,13.0,260,726
139,CHRYSLER,INTREPID,FULL-SIZE,2.7,6,A4,GS,13.2,260,716
137,CHRYSLER,CONCORDE,FULL-SIZE,2.7,6,A4,GS,13.2,260,629
637,VOLVO,V70 T5 TURBO,STATION WAGON - MID-SIZE,2.3,5,M5,GS,13.0,260,677
330,HONDA,PRELUDE,SUBCOMPACT,2.2,4,AS4,GP,12.7,260,761
339,HYUNDAI,SONATA 2.4L,MID-SIZE,2.4,4,A4,DS,13.0,260,611
111,CHEVROLET,LUMINA/MONTE CARLO,MID-SIZE,3.4,6,A4,DS,13.6,260,727
217,FORD,COUGAR,COMPACT,2.5,6,A4,DS,13.1,260,769
595,VOLKSWAGEN,GTI,COMPACT,2.8,6,M5,GP,13.2,260,735
103,CHEVROLET,IMPALA,FULL-SIZE,3.4,6,A4,GS,13.6,260,735
629,VOLVO,S70 T5 TURBO,MID-SIZE,2.3,5,M5,GS,13.0,260,663
12,AUDI,A4,COMPACT,2.8,6,M5,GP,13.2,260,555
622,VOLVO,C70 TURBO,COMPACT,2.3,5,M5,GS,13.0,260,715
27,AUDI,TT COUPE QUATTRO,MINICOMPACT,1.8,4,M5,GP,13.1,260,637
112,CHEVROLET,LUMINA/MONTE CARLO,MID-SIZE,3.8,6,A4,DS,13.5,262,678
617,VOLKSWAGEN,PASSAT WAGON,STATION WAGON - MID-SIZE,2.8,6,M5,GP,13.4,262,664
457,OLDSMOBILE,ALERO,COMPACT,3.4,6,A4,GP,13.6,262,668
340,HYUNDAI,SONATA 2.5L,MID-SIZE,2.5,6,A4,DS,13.2,262,697
64,BUICK,REGAL,MID-SIZE,3.8,6,A4,GS,13.5,262,617
624,VOLVO,S70,MID-SIZE,2.4,5,A5,GS,13.2,262,702
104,CHEVROLET,IMPALA,FULL-SIZE,3.8,6,A4,GS,13.5,262,763
87,CHEVROLET,CAMARO,SUBCOMPACT,3.8,6,M5,GP,13.7,262,563
422,MERCEDES-BENZ,E 320 4MATIC,MID-SIZE,3.2,6,A5,GP,13.1,262,690
613,VOLKSWAGEN,PASSAT,MID-SIZE,2.8,6,M5,GP,13.4,262,616
632,VOLVO,V70,STATION WAGON - MID-SIZE,2.4,5,A5,GS,13.2,262,759
474,PONTIAC,GRAND PRIX,MID-SIZE,3.8,6,A4,GP,13.5,262,599
472,PONTIAC,GRAND AM,COMPACT,3.4,6,A4,GP,13.6,262,696
445,NISSAN,MAXIMA,MID-SIZE,3.0,6,A4,DP,13.4,265,767
135,CHRYSLER,CIRRUS,MID-SIZE,2.4,4,A4,GS,13.4,265,700
271,FORD,TAURUS #,MID-SIZE,3.0,6,A4,GS,13.5,265,750
464,PONTIAC,FIREBIRD/FORMULA,SUBCOMPACT,3.8,6,M5,GP,13.8,265,609
345,INFINITI,I30,MID-SIZE,3.0,6,A4,GP,13.4,265,754
61,BUICK,LESABRE,FULL-SIZE,3.8,6,A4,GS,13.8,265,594
601,VOLKSWAGEN,JETTA,COMPACT,2.8,6,M5,DP,13.6,267,696
257,FORD,MUSTANG,SUBCOMPACT,3.8,6,A4,GS,13.4,267,550
148,CHRYSLER,SEBRING,COMPACT,2.5,6,A4,GS,13.5,267,646
548,TOYOTA,CAMRY SOLARA,COMPACT,3.0,6,A4,DP,13.4,267,693
56,BMW,Z3,SUBCOMPACT,2.5,6,M5,DP,13.4,267,582
270,FORD,TAURUS,MID-SIZE,3.0,6,A4,GS,13.6,267,748
13,AUDI,A4 QUATTRO,COMPACT,1.8,4,A5,GS,13.6,267,752
258,FORD,MUSTANG,SUBCOMPACT,3.8,6,M5,GP,13.6,267,750
546,TOYOTA,CAMRY,MID-SIZE,3.0,6,A4,GP,13.4,267,681
327,HONDA,CR-V,SUV,2.0,4,M5,DP,12.5,267,614
424,MERCEDES-BENZ,E 320 WAGON,STATION WAGON - MID-SIZE,3.2,6,A5,GP,13.2,267,651
326,HONDA,CR-V,SUV,2.0,4,A4,DS,12.5,267,635
568,TOYOTA,TACOMA,PICKUP TRUCK - STANDARD,2.4,4,A4,GS,12.6,267,639
136,CHRYSLER,CIRRUS,MID-SIZE,2.5,6,A4,DS,13.6,269,580
418,MERCEDES-BENZ,CLK 320 CABRIOLET,MINICOMPACT,3.2,6,A5,GP,13.6,269,647
332,HONDA,S2000,SUBCOMPACT,2.0,4,M6,GP,13.1,269,739
619,VOLVO,C70 CONVERTIBLE TURBO,SUBCOMPACT,2.3,5,M5,GS,13.4,269,704
463,PONTIAC,FIREBIRD/FORMULA,SUBCOMPACT,3.8,6,A4,GP,13.9,269,754
86,CHEVROLET,CAMARO,SUBCOMPACT,3.8,6,A4,GS,13.9,269,590
149,CHRYSLER,SEBRING CONVERTIBLE,COMPACT,2.5,6,A4,GS,13.6,269,707
501,SATURN,LS,MID-SIZE,3.0,6,A4,DP,13.3,269,728
147,CHRYSLER,PT CRUISER,SUBCOMPACT,2.4,4,M5,GP,13.2,269,566
503,SATURN,LW WAGON,STATION WAGON - MID-SIZE,3.0,6,A4,DP,13.3,269,702
35,BMW,323i,COMPACT,2.5,6,A5,GS,13.8,271,580
405,MAZDA,MILLENIA #,COMPACT,2.3,6,A4,GS,13.7,271,707
397,MAZDA,626,MID-SIZE,2.5,6,M5,DP,13.3,271,657
33,BMW,323Ci,COMPACT,2.5,6,A5,GS,13.8,271,712
628,VOLVO,S70 T5 TURBO,MID-SIZE,2.3,5,A4,GS,13.9,274,556
141,CHRYSLER,INTREPID,FULL-SIZE,3.2,6,AS4,GP,14.2,274,676
37,BMW,328Ci,COMPACT,2.8,6,A5,DS,13.9,274,765
423,MERCEDES-BENZ,E 320 4MATIC WAGON,STATION WAGON - MID-SIZE,3.2,6,A5,GP,13.5,274,647
490,SAAB,9-3 TURBO,MID-SIZE,2.0,4,A4,DS,13.4,274,558
635,VOLVO,V70 GLT TURBO,STATION WAGON - MID-SIZE,2.4,5,A4,GS,13.6,274,553
39,BMW,328i,COMPACT,2.8,6,A5,DS,13.9,274,634
621,VOLVO,C70 TURBO,COMPACT,2.3,5,A4,GS,13.9,274,592
636,VOLVO,V70 T5 TURBO,STATION WAGON - MID-SIZE,2.3,5,A4,GS,13.9,274,709
627,VOLVO,S70 GLT TURBO,MID-SIZE,2.4,5,A4,GS,13.6,274,630
623,VOLVO,C70 TURBO,COMPACT,2.4,5,A4,GS,13.6,274,765
62,BUICK,PARK AVENUE,FULL-SIZE,3.8,6,A4,GS,14.4,276,751
461,PONTIAC,BONNEVILLE,FULL-SIZE,3.8,6,A4,GP,14.4,276,643
493,SAAB,9-5 TURBO,FULL-SIZE,2.3,4,A4,GS,13.9,276,658
496,SAAB,9-5 WAGON TURBO,STATION WAGON - MID-SIZE,2.3,4,A4,GP,13.9,276,727
138,CHRYSLER,CONCORDE,FULL-SIZE,3.2,6,A4,GS,14.2,276,722
146,CHRYSLER,PT CRUISER,SUBCOMPACT,2.4,4,A4,GS,13.4,276,589
273,FORD,TAURUS WAGON #,STATION WAGON - MID-SIZE,3.0,6,A4,GS,14.0,276,704
381,LEXUS,ES 300,COMPACT,3.0,6,A4,GP,13.8,276,631
404,MAZDA,MILLENIA,COMPACT,2.5,6,A4,GS,13.8,276,578
96,CHEVROLET,CORVETTE,SUBCOMPACT,5.7,8,M6,GS,14.4,278,724
310,GMC,SONOMA,PICKUP TRUCK - SMALL,2.2,4,A4,GP,13.8,278,758
347,ISUZU,HOMBRE,PICKUP TRUCK - SMALL,2.2,4,A4,DP,13.8,278,670
55,BMW,Z3,SUBCOMPACT,2.5,6,A4,GS,14.0,278,663
122,CHEVROLET,S10,PICKUP TRUCK - SMALL,2.2,4,A4,GS,13.8,278,659
620,VOLVO,C70 CONVERTIBLE TURBO,SUBCOMPACT,2.4,5,A4,GS,13.9,278,632
396,MAZDA,626,MID-SIZE,2.5,6,A4,DP,13.7,278,718
550,TOYOTA,CAMRY SOLARA CONVERTIBLE,SUBCOMPACT,3.0,6,A4,GS,14.0,278,653
58,BMW,Z3,SUBCOMPACT,2.8,6,M5,DP,13.9,278,556
57,BMW,Z3,SUBCOMPACT,2.8,6,A4,GS,13.9,278,577
272,FORD,TAURUS WAGON,STATION WAGON - MID-SIZE,3.0,6,A4,GS,14.2,278,764
133,CHEVROLET,VENTURE,MINIVAN,3.4,6,A4,GS,14.0,281,661
51,BMW,M COUPE,TWO-SEATER,3.2,6,M5,GP,13.9,281,572
476,PONTIAC,MONTANA,MINIVAN,3.4,6,A4,GP,14.0,281,624
32,BMW,323 CONVERTIBLE,COMPACT,2.5,6,M5,GP,13.9,281,669
459,OLDSMOBILE,SILHOUETTE,MINIVAN,3.4,6,A4,GP,14.0,281,685
382,LEXUS,GS 300,MID-SIZE,3.0,6,A5,GP,13.7,281,613
52,BMW,M ROADSTER,MINICOMPACT,3.2,6,M5,GP,13.9,281,733
438,NISSAN,FRONTIER,PICKUP TRUCK - STANDARD,2.4,4,A4,DP,13.5,283,675
600,VOLKSWAGEN,JETTA,COMPACT,2.8,6,A4,DS,14.2,283,587
495,SAAB,9-5 TURBO,FULL-SIZE,3.0,6,A4,GP,14.3,283,577
498,SAAB,9-5 WAGON TURBO,STATION WAGON - MID-SIZE,3.0,6,A4,GP,14.3,283,757
458,OLDSMOBILE,INTRIGUE,MID-SIZE,3.5,6,A4,GP,14.7,283,734
167,DODGE,CARAVAN FFV,MINIVAN,3.3,6,A4,DS,20.6,283,714
188,DODGE,GRAND CARAVAN FFV,MINIVAN,3.3,6,A4,GP,20.6,283,624
142,CHRYSLER,INTREPID,FULL-SIZE,3.5,6,AS4,GP,14.4,283,758
134,CHRYSLER,300M,FULL-SIZE,3.5,6,AS4,GP,14.4,283,622
618,VOLVO,C70 CONVERTIBLE TURBO,SUBCOMPACT,2.3,5,A4,GS,14.2,285,673
44,BMW,528i TOURING,STATION WAGON - SMALL,2.8,6,M5,DP,14.5,285,665
11,AUDI,A4,COMPACT,2.8,6,A5,GS,14.6,285,561
89,CHEVROLET,CAMARO,SUBCOMPACT,5.7,8,M6,GS,14.7,285,617
630,VOLVO,S80 2.9,MID-SIZE,2.9,6,A4,GS,14.5,285,687
384,LEXUS,LS 400,MID-SIZE,4.0,8,A5,GP,14.3,285,648
376,KIA,SPORTAGE 4X4,SUV,2.0,4,M5,GP,12.8,288,652
626,VOLVO,S70 AWD TURBO,MID-SIZE,2.4,5,A4,GS,14.4,288,622
475,PONTIAC,GRAND PRIX #,MID-SIZE,3.8,6,A4,GP,15.0,288,564
634,VOLVO,V70 AWD TURBO,STATION WAGON - MID-SIZE,2.4,5,A4,GS,14.4,288,765
612,VOLKSWAGEN,PASSAT,MID-SIZE,2.8,6,A5,GP,14.7,288,559
43,BMW,528i TOURING,STATION WAGON - SMALL,2.8,6,A4,DS,14.6,288,584
182,DODGE,GRAND CARAVAN,MINIVAN,3.3,6,A4,GS,14.5,288,635
143,CHRYSLER,LHS,FULL-SIZE,3.5,6,A4,DS,14.7,288,587
567,TOYOTA,SIENNA,MINIVAN,3.0,6,A4,GS,14.3,288,618
166,DODGE,CARAVAN FFV,MINIVAN,3.3,6,A4,DS,14.5,288,640
16,AUDI,A4 QUATTRO,COMPACT,2.8,6,M5,GP,14.3,288,551
616,VOLKSWAGEN,PASSAT WAGON,STATION WAGON - MID-SIZE,2.8,6,A5,GP,14.7,288,555
164,DODGE,CARAVAN,MINIVAN,3.3,6,A4,DS,14.5,288,741
41,BMW,528i,COMPACT,2.8,6,A4,GS,14.6,288,764
187,DODGE,GRAND CARAVAN FFV,MINIVAN,3.3,6,A4,GS,14.5,288,606
150,CHRYSLER,SEBRING CONVERTIBLE,COMPACT,2.5,6,AS4,GS,14.7,288,599
63,BUICK,PARK AVENUE #,FULL-SIZE,3.8,6,A4,GS,15.1,290,709
466,PONTIAC,FIREBIRD/FORMULA,SUBCOMPACT,5.7,8,M6,GP,14.9,290,692
181,DODGE,GRAND CARAVAN,MINIVAN,3.0,6,A4,GS,14.6,290,732
65,BUICK,REGAL #,MID-SIZE,3.8,6,A4,GS,15.1,290,624
163,DODGE,CARAVAN,MINIVAN,3.0,6,A4,DS,14.6,290,739
419,MERCEDES-BENZ,CLK 430,SUBCOMPACT,4.3,8,A5,GP,14.4,290,761
355,JAGUAR,S-TYPE V6,MID-SIZE,3.0,6,A5,DP,14.8,290,754
462,PONTIAC,BONNEVILLE #,FULL-SIZE,3.8,6,A4,GP,15.1,290,743
425,MERCEDES-BENZ,E 430,MID-SIZE,4.3,8,A5,GP,14.6,292,626
450,NISSAN,XTERRA,SUV,2.4,4,M5,GP,14.2,292,663
31,BMW,323 CONVERTIBLE,COMPACT,2.5,6,A5,GS,14.6,292,559
329,HONDA,ODYSSEY,MINIVAN,3.5,6,A4,GS,14.9,292,711
386,LEXUS,RX 300,SUV,3.0,6,A4,GP,14.2,292,659
15,AUDI,A4 QUATTRO,COMPACT,2.8,6,A5,GS,14.9,292,580
375,KIA,SPORTAGE 4X4,SUV,2.0,4,A4,GS,13.4,294,623
17,AUDI,A6,MID-SIZE,2.8,6,A5,GS,15.0,294,707
489,PORSCHE,BOXSTER S,TWO-SEATER,3.2,6,M6,GP,15.0,294,556
45,BMW,540i,COMPACT,4.4,8,A5,DS,14.7,294,608
54,BMW,X5,SUV,4.4,8,A5,GS,14.9,294,713
531,SUZUKI,GRAND VITARA 4X4,SUV,2.5,6,M5,GP,13.8,294,604
66,CADILLAC,CATERA,MID-SIZE,3.0,6,A4,GS,14.7,294,707
256,FORD,GRAND MARQUIS,FULL-SIZE,4.6,8,A4,GS,15.0,297,604
631,VOLVO,S80 T-6,MID-SIZE,2.8,6,AS4,GS,15.1,297,670
22,AUDI,A6 QUATTRO,MID-SIZE,2.8,6,M5,GP,14.6,297,642
67,CADILLAC,DEVILLE,FULL-SIZE,4.6,8,A4,GS,15.5,297,587
68,CADILLAC,ELDORADO,MID-SIZE,4.6,8,A4,GS,15.5,297,689
70,CADILLAC,SEVILLE,MID-SIZE,4.6,8,A4,GS,15.5,297,715
487,PORSCHE,BOXSTER,TWO-SEATER,2.7,6,M5,GP,15.0,297,557
388,LINCOLN,CONTINENTAL,FULL-SIZE,4.6,8,A4,GP,15.2,297,755
465,PONTIAC,FIREBIRD/FORMULA,SUBCOMPACT,5.7,8,A4,GP,14.9,299,564
383,LEXUS,GS 400,MID-SIZE,4.0,8,A5,GP,15.0,299,727
387,LEXUS,RX 300 4X4,SUV,3.0,6,A4,GP,14.4,299,668
638,VOLVO,V70R AWD TURBO,STATION WAGON - MID-SIZE,2.4,5,A5,GS,14.7,299,758
219,FORD,CROWN VICTORIA,FULL-SIZE,4.6,8,A4,GS,15.1,299,642
570,TOYOTA,TACOMA,PICKUP TRUCK - STANDARD,2.7,4,A4,GS,14.0,301,688
259,FORD,MUSTANG,SUBCOMPACT,4.6,8,A4,GS,15.1,301,693
572,TOYOTA,TACOMA 4X4,PICKUP TRUCK - STANDARD,2.7,4,A4,GS,14.2,301,654
486,PORSCHE,BOXSTER,TWO-SEATER,2.7,6,AS5,GP,15.3,301,564
539,TOYOTA,4RUNNER 4X4,SUV,2.7,4,A4,GP,14.2,301,666
483,PORSCHE,911 CARRERA,MINICOMPACT,3.4,6,M6,GP,15.4,301,693
530,SUZUKI,GRAND VITARA 4X4,SUV,2.5,6,A4,GS,14.2,304,663
389,LINCOLN,LS,MID-SIZE,3.0,6,A5,GP,15.4,304,746
390,LINCOLN,LS,MID-SIZE,3.0,6,M5,GP,15.5,304,601
26,AUDI,S4 QUATTRO,COMPACT,2.7,6,M6,GP,15.2,304,682
393,LINCOLN,TOWN CAR,FULL-SIZE,4.6,8,A4,GP,15.3,304,634
416,MERCEDES-BENZ,C 43 AMG,COMPACT,4.3,8,A5,GP,14.7,304,661
19,AUDI,A6 QUATTRO,MID-SIZE,2.7,6,A5,GS,15.2,304,726
275,FORD,WINDSTAR VAN,VAN - CARGO,3.8,6,A4,GS,14.9,304,554
151,CHRYSLER,TOWN & COUNTRY,MINIVAN,3.8,6,A4,GS,15.2,304,564
430,MERCEDES-BENZ,S 430,FULL-SIZE,4.3,8,A5,GP,15.3,304,714
165,DODGE,CARAVAN,MINIVAN,3.8,6,A4,DS,15.2,304,580
234,FORD,EXPLORER,SUV,4.0,6,M5,GP,14.9,304,677
183,DODGE,GRAND CARAVAN,MINIVAN,3.8,6,A4,GS,15.2,304,562
420,MERCEDES-BENZ,CLK 430 CABRIOLET,MINICOMPACT,4.3,8,A5,GP,15.2,304,661
20,AUDI,A6 QUATTRO,MID-SIZE,2.7,6,M6,GP,15.2,304,552
361,JAGUAR,XK8,SUBCOMPACT,4.0,8,A5,DP,15.4,304,658
25,AUDI,S4 QUATTRO,COMPACT,2.7,6,A5,GS,15.2,304,671
260,FORD,MUSTANG,SUBCOMPACT,4.6,8,M5,GP,15.4,304,651
265,FORD,RANGER,PICKUP TRUCK - STANDARD,4.0,6,M5,GP,14.9,306,640
362,JAGUAR,XK8 CONVERTIBLE,MINICOMPACT,4.0,8,A5,DP,15.5,306,590
449,NISSAN,QUEST,MINIVAN,3.3,6,A4,GP,15.5,306,624
18,AUDI,A6 AVANT QUATTRO,STATION WAGON - MID-SIZE,2.8,6,A5,GS,15.4,306,727
88,CHEVROLET,CAMARO,SUBCOMPACT,5.7,8,A4,GS,15.4,306,633
359,JAGUAR,XJ8,COMPACT,4.0,8,A5,DP,15.5,306,586
357,JAGUAR,VANDEN PLAS,MID-SIZE,4.0,8,A5,DP,15.5,306,650
426,MERCEDES-BENZ,E 430 4MATIC,MID-SIZE,4.3,8,A5,GP,15.1,306,717
21,AUDI,A6 QUATTRO,MID-SIZE,2.8,6,A5,GS,15.4,306,593
48,BMW,740i,MID-SIZE,4.4,8,A5,GS,15.4,308,734
23,AUDI,A6 QUATTRO,MID-SIZE,4.2,8,A5,GS,15.5,308,768
24,AUDI,A8 QUATTRO,MID-SIZE,4.2,8,A5,GS,15.5,308,583
261,FORD,MUSTANG #,SUBCOMPACT,4.6,8,M5,GP,15.7,308,585
460,PLYMOUTH,PROWLER,SUBCOMPACT,3.5,6,AS4,GP,15.4,308,766
49,BMW,740iL,FULL-SIZE,4.4,8,A5,GS,15.4,308,675
95,CHEVROLET,CORVETTE,SUBCOMPACT,5.7,8,A4,GS,15.5,308,561
356,JAGUAR,S-TYPE V8,MID-SIZE,4.0,8,A5,DP,15.3,308,703
482,PORSCHE,911 CARRERA,MINICOMPACT,3.4,6,AS5,GP,16.0,308,637
184,DODGE,GRAND CARAVAN,MINIVAN,3.8,6,AS4,GS,15.5,308,752
274,FORD,WINDSTAR VAN,VAN - CARGO,3.0,6,A4,GS,15.6,311,754
485,PORSCHE,911 CARRERA 4,MINICOMPACT,3.4,6,M6,GP,15.7,311,765
276,FORD,WINDSTAR WAGON,MINIVAN,3.0,6,A4,GS,15.6,311,572
277,FORD,WINDSTAR WAGON,MINIVAN,3.8,6,A4,GS,15.5,311,752
488,PORSCHE,BOXSTER S,TWO-SEATER,3.2,6,AS5,GP,15.9,311,550
406,MAZDA,MPV,MINIVAN,2.5,6,A4,GS,15.2,313,714
484,PORSCHE,911 CARRERA 4,MINICOMPACT,3.4,6,AS5,GP,16.0,313,558
349,ISUZU,HOMBRE,PICKUP TRUCK - SMALL,4.3,6,A4,GP,15.4,313,642
124,CHEVROLET,S10,PICKUP TRUCK - SMALL,4.3,6,A4,GS,15.4,313,737
312,GMC,SONOMA,PICKUP TRUCK - SMALL,4.3,6,A4,GP,15.4,313,641
391,LINCOLN,LS,MID-SIZE,3.9,8,A5,GP,15.9,313,645
440,NISSAN,FRONTIER 4X4,PICKUP TRUCK - STANDARD,2.4,4,M5,DP,14.9,313,629
398,MAZDA,B3000,PICKUP TRUCK - STANDARD,3.0,6,A4,DP,15.6,313,639
363,JAGUAR,XKR #,SUBCOMPACT,4.0,8,A5,DP,15.7,313,728
370,JEEP,TJ 4X4,SUV,2.5,4,M5,DP,14.7,315,705
262,FORD,RANGER,PICKUP TRUCK - STANDARD,3.0,6,A4,GP,15.7,315,684
46,BMW,540i,COMPACT,4.4,8,M6,DP,16.4,317,715
427,MERCEDES-BENZ,E 55 AMG,MID-SIZE,5.5,8,A5,GP,16.0,317,723
366,JEEP,CHEROKEE 4X4,SUV,4.0,6,M5,GP,15.4,317,743
540,TOYOTA,4RUNNER 4X4,SUV,2.7,4,M5,GP,15.4,320,618
47,BMW,540i TOURING,STATION WAGON - SMALL,4.4,8,A5,DS,15.5,320,705
152,CHRYSLER,TOWN & COUNTRY AWD,MINIVAN,3.8,6,A4,GS,16.2,320,611
431,MERCEDES-BENZ,S 500,FULL-SIZE,5.0,8,A5,GP,16.1,320,710
401,MAZDA,B4000,PICKUP TRUCK - STANDARD,4.0,6,M5,DP,15.5,320,708
185,DODGE,GRAND CARAVAN AWD,MINIVAN,3.8,6,A4,GS,16.2,320,725
267,FORD,RANGER 4X4,PICKUP TRUCK - STANDARD,3.0,6,M5,GP,15.5,320,689
399,MAZDA,B3000,PICKUP TRUCK - STANDARD,3.0,6,M5,DP,16.2,322,596
313,GMC,SONOMA,PICKUP TRUCK - SMALL,4.3,6,M5,GP,16.2,322,701
263,FORD,RANGER,PICKUP TRUCK - STANDARD,3.0,6,M5,GP,16.2,322,564
432,MERCEDES-BENZ,SL 500,SUBCOMPACT,5.0,8,A5,GP,16.3,322,609
125,CHEVROLET,S10,PICKUP TRUCK - SMALL,4.3,6,M5,GP,16.1,322,567
571,TOYOTA,TACOMA,PICKUP TRUCK - STANDARD,3.4,6,A4,GP,15.3,324,720
186,DODGE,GRAND CARAVAN AWD,MINIVAN,3.8,6,AS4,GS,16.4,324,551
574,TOYOTA,TACOMA 4X4,PICKUP TRUCK - STANDARD,3.4,6,A4,GP,15.2,324,733
364,JAGUAR,XKR CONVERTIBLE #,MINICOMPACT,4.0,8,A5,DP,16.3,324,679
76,CHEVROLET,BLAZER,SUV,4.3,6,M5,GP,16.3,327,694
295,GMC,JIMMY,SUV,4.3,6,M5,DP,16.3,327,690
127,CHEVROLET,S10 4X4,PICKUP TRUCK - STANDARD,4.3,6,M5,DP,16.3,329,619
315,GMC,SONOMA 4X4,PICKUP TRUCK - STANDARD,4.3,6,M5,GP,16.3,329,645
573,TOYOTA,TACOMA 4X4,PICKUP TRUCK - STANDARD,2.7,4,M5,GP,15.7,329,632
169,DODGE,DAKOTA,PICKUP TRUCK - STANDARD,3.9,6,M5,DP,16.8,329,700
360,JAGUAR,XJR #,COMPACT,4.0,8,A5,DP,16.5,331,634
358,JAGUAR,VANDEN PLAS SUPERCHARGED,MID-SIZE,4.0,8,A5,DP,16.6,331,649
576,TOYOTA,TUNDRA,PICKUP TRUCK - STANDARD,3.4,6,A4,GP,15.7,331,710
575,TOYOTA,TACOMA 4X4,PICKUP TRUCK - STANDARD,3.4,6,M5,GP,15.7,331,690
168,DODGE,DAKOTA,PICKUP TRUCK - STANDARD,3.9,6,A4,DS,16.3,331,624
542,TOYOTA,4RUNNER 4X4,SUV,3.4,6,M5,GP,15.7,331,685
280,GMC,C1500 SIERRA,PICKUP TRUCK - STANDARD,4.8,8,A4,GP,16.3,334,720
81,CHEVROLET,C1500 SILVERADO,PICKUP TRUCK - STANDARD,4.8,8,A4,GS,16.3,334,715
243,FORD,F150,PICKUP TRUCK - STANDARD,4.2,6,M5,GP,16.3,334,611
541,TOYOTA,4RUNNER 4X4,SUV,3.4,6,A4,GP,15.7,334,554
428,MERCEDES-BENZ,ML 320,SUV,3.2,6,A5,GP,16.1,336,620
577,TOYOTA,TUNDRA,PICKUP TRUCK - STANDARD,3.4,6,M5,GP,16.0,336,563
240,FORD,EXPLORER SOHC,SUV,4.0,6,A5,GP,16.5,336,748
75,CHEVROLET,BLAZER,SUV,4.3,6,A4,GS,16.2,336,714
306,GMC,SAFARI CARGO,VAN - CARGO,4.3,6,A4,GP,16.2,336,681
367,JEEP,GRAND CHEROKEE 4X4,SUV,4.0,6,A4,GP,16.5,336,739
236,FORD,EXPLORER 4X4,SUV,4.0,6,M5,GS,16.4,336,731
73,CHEVROLET,ASTRO CARGO,VAN - CARGO,4.3,6,A4,GS,16.2,336,707
294,GMC,JIMMY,SUV,4.3,6,A4,DP,16.2,336,690
266,FORD,RANGER 4X4,PICKUP TRUCK - STANDARD,3.0,6,A4,GP,16.4,336,658
365,JEEP,CHEROKEE 4X4,SUV,4.0,6,A4,GP,16.6,338,683
452,NISSAN,XTERRA V6,SUV,3.3,6,M5,GP,15.9,338,584
242,FORD,F150,PICKUP TRUCK - STANDARD,4.2,6,A4,GP,16.7,340,753
269,FORD,RANGER 4X4,PICKUP TRUCK - STANDARD,4.0,6,M5,GP,16.5,340,567
351,ISUZU,RODEO 4X4,SUV,3.2,6,A4,DP,16.6,340,607
83,CHEVROLET,C1500 SILVERADO,PICKUP TRUCK - STANDARD,5.3,8,A4,GS,16.7,343,743
282,GMC,C1500 SIERRA,PICKUP TRUCK - STANDARD,5.3,8,A4,GP,16.7,343,770
241,FORD,EXPLORER SOHC 4X4,SUV,4.0,6,A5,GP,16.7,343,628
451,NISSAN,XTERRA V6,SUV,3.3,6,A4,GP,16.5,343,571
403,MAZDA,B4000 4X4,PICKUP TRUCK - STANDARD,4.0,6,M5,DP,16.5,343,708
126,CHEVROLET,S10 4X4,PICKUP TRUCK - STANDARD,4.3,6,A4,DS,16.8,345,558
350,ISUZU,HOMBRE 4X4,PICKUP TRUCK - STANDARD,4.3,6,A4,GP,16.8,345,756
190,DODGE,RAM 1500,PICKUP TRUCK - STANDARD,3.9,6,M5,DP,17.4,345,584
314,GMC,SONOMA 4X4,PICKUP TRUCK - STANDARD,4.3,6,A4,GP,16.8,345,721
244,FORD,F150,PICKUP TRUCK - STANDARD,4.6,8,A4,GP,17.0,345,628
442,NISSAN,FRONTIER V6,PICKUP TRUCK - STANDARD,3.3,6,M5,DP,16.1,345,586
372,JEEP,TJ 4X4,SUV,4.0,6,M5,GP,16.7,347,598
352,ISUZU,RODEO 4X4,SUV,3.2,6,M5,GP,16.8,347,754
105,CHEVROLET,K1500 SILVERADO 4X4,PICKUP TRUCK - STANDARD,4.3,6,A4,GS,17.0,350,657
441,NISSAN,FRONTIER V6,PICKUP TRUCK - STANDARD,3.3,6,A4,DP,16.8,350,609
444,NISSAN,FRONTIER V6 4X4,PICKUP TRUCK - STANDARD,3.3,6,M5,DP,16.2,350,742
307,GMC,SAFARI CARGO AWD,VAN - CARGO,4.3,6,A4,GP,17.0,350,720
454,NISSAN,XTERRA V6 4X4,SUV,3.3,6,M5,GP,16.2,350,650
71,CHEVROLET,ASTRO AWD CARGO,VAN - CARGO,4.3,6,A4,GS,17.0,350,615
189,DODGE,RAM 1500,PICKUP TRUCK - STANDARD,3.9,6,A4,DS,17.3,350,608
296,GMC,JIMMY 4X4,SUV,4.3,6,A4,GP,17.0,350,742
298,GMC,K1500 SIERRA 4X4,PICKUP TRUCK - STANDARD,4.3,6,A4,GP,17.0,350,715
77,CHEVROLET,BLAZER 4X4,SUV,4.3,6,A4,DS,16.9,350,767
239,FORD,EXPLORER OHV 4X4,SUV,4.0,6,A5,GP,17.3,352,770
204,DODGE,RAM 2500 VAN NGV,VAN - CARGO,5.2,8,A4,GS,20.8,353,739
264,FORD,RANGER,PICKUP TRUCK - STANDARD,4.0,6,A5,GP,17.0,354,604
245,FORD,F150,PICKUP TRUCK - STANDARD,4.6,8,M5,GP,17.8,354,563
429,MERCEDES-BENZ,ML 430,SUV,4.3,8,A5,GP,17.0,354,658
402,MAZDA,B4000 4X4,PICKUP TRUCK - STANDARD,4.0,6,A5,DP,17.2,354,654
238,FORD,EXPLORER OHV,SUV,4.0,6,A5,GP,17.1,357,756
268,FORD,RANGER 4X4,PICKUP TRUCK - STANDARD,4.0,6,A5,GP,17.3,357,755
400,MAZDA,B4000,PICKUP TRUCK - STANDARD,4.0,6,A5,DP,17.1,357,702
584,VOLKSWAGEN,EUROVAN,MINIVAN,2.8,6,A4,GS,17.6,357,745
170,DODGE,DAKOTA,PICKUP TRUCK - STANDARD,4.7,8,A4,GS,17.6,357,575
448,NISSAN,PATHFINDER 4X4,SUV,3.3,6,M5,GP,16.5,357,612
369,JEEP,TJ 4X4,SUV,2.5,4,A3,DP,16.6,357,551
72,CHEVROLET,ASTRO AWD PASSENGER,VAN - PASSENGER,4.3,6,A4,GS,17.4,359,768
309,GMC,SAFARI PASSENGER AWD,VAN - PASSENGER,4.3,6,A4,GP,17.4,359,622
247,FORD,F150 4X4,PICKUP TRUCK - STANDARD,4.2,6,A4,GP,17.3,359,699
230,FORD,EXPEDITION,SUV,4.6,8,A4,GP,17.8,359,695
224,FORD,E150 VAN,VAN - CARGO,4.6,8,A4,GS,17.8,359,569
443,NISSAN,FRONTIER V6 4X4,PICKUP TRUCK - STANDARD,3.3,6,A4,DP,17.3,361,696
453,NISSAN,XTERRA V6 4X4,SUV,3.3,6,A4,GP,17.3,361,718
447,NISSAN,PATHFINDER 4X4,SUV,3.3,6,A4,GP,17.3,361,672
246,FORD,F150,PICKUP TRUCK - STANDARD,5.4,8,A4,GP,17.9,363,590
580,TOYOTA,TUNDRA 4X4,PICKUP TRUCK - STANDARD,3.4,6,M5,GP,17.1,363,712
225,FORD,E150 VAN,VAN - CARGO,5.4,8,A4,GS,17.9,363,685
368,JEEP,GRAND CHEROKEE 4X4,SUV,4.7,8,A4,GP,18.0,363,706
171,DODGE,DAKOTA,PICKUP TRUCK - STANDARD,4.7,8,M5,GP,18.3,363,580
578,TOYOTA,TUNDRA,PICKUP TRUCK - STANDARD,4.7,8,A4,GP,17.3,363,756
353,ISUZU,TROOPER 4X4,SUV,3.5,6,A4,GP,17.8,366,716
346,INFINITI,QX4 4X4,SUV,3.3,6,A4,DP,17.7,366,666
107,CHEVROLET,K1500 SILVERADO 4X4,PICKUP TRUCK - STANDARD,4.8,8,A4,GS,17.3,366,729
300,GMC,K1500 SIERRA 4X4,PICKUP TRUCK - STANDARD,4.8,8,A4,GP,17.3,366,626
288,GMC,G15/G25 SAVANA CARGO,VAN - CARGO,4.3,6,A4,GP,17.8,368,664
235,FORD,EXPLORER,SUV,5.0,8,A4,DS,18.4,368,560
79,CHEVROLET,C1500 SILVERADO,PICKUP TRUCK - STANDARD,4.3,6,A4,GS,17.7,368,579
97,CHEVROLET,G15/G25 CHEVY VAN,VAN - CARGO,4.3,6,A4,GS,17.8,368,557
579,TOYOTA,TUNDRA 4X4,PICKUP TRUCK - STANDARD,3.4,6,A4,GP,17.2,368,667
371,JEEP,TJ 4X4,SUV,4.0,6,A3,GP,17.3,368,566
354,ISUZU,TROOPER 4X4,SUV,3.5,6,M5,GP,17.9,368,711
308,GMC,SAFARI PASSENGER,VAN - PASSENGER,4.3,6,A4,GP,17.7,368,589
74,CHEVROLET,ASTRO PASSENGER,VAN - PASSENGER,4.3,6,A4,GS,17.7,368,689
278,GMC,C1500 SIERRA,PICKUP TRUCK - STANDARD,4.3,6,A4,GP,17.7,368,631
175,DODGE,DAKOTA 4X4,PICKUP TRUCK - STANDARD,4.7,8,A4,DS,18.3,370,594
248,FORD,F150 4X4,PICKUP TRUCK - STANDARD,4.2,6,M5,GP,18.0,373,769
237,FORD,EXPLORER 4X4,SUV,5.0,8,A4,GP,18.7,373,553
50,BMW,750iL,FULL-SIZE,5.4,12,A5,GS,19.1,373,571
286,GMC,C2500 SIERRA,PICKUP TRUCK - STANDARD,5.3,8,A4,GP,17.9,373,748
281,GMC,C1500 SIERRA,PICKUP TRUCK - STANDARD,4.8,8,M5,GP,18.9,373,723
98,CHEVROLET,G15/G25 CHEVY VAN,VAN - CARGO,5.0,8,A4,GS,18.2,373,604
82,CHEVROLET,C1500 SILVERADO,PICKUP TRUCK - STANDARD,4.8,8,M5,GP,18.9,373,698
289,GMC,G15/G25 SAVANA CARGO,VAN - CARGO,5.0,8,A4,GP,18.2,373,607
84,CHEVROLET,C2500 SILVERADO,PICKUP TRUCK - STANDARD,5.3,8,A4,GS,17.9,373,677
53,BMW,M5,COMPACT,4.9,8,M6,GP,19.6,375,594
585,VOLKSWAGEN,EUROVAN CAMPER,MINIVAN,2.8,6,A4,GS,18.6,375,576
173,DODGE,DAKOTA 4X4,PICKUP TRUCK - STANDARD,3.9,6,A4,GS,18.1,375,744
302,GMC,K1500 SIERRA 4X4,PICKUP TRUCK - STANDARD,5.3,8,A4,GP,18.0,377,618
109,CHEVROLET,K1500 SILVERADO 4X4,PICKUP TRUCK - STANDARD,5.3,8,A4,DS,18.0,377,589
197,DODGE,RAM 1500 VAN,VAN - CARGO,3.9,6,A3,GS,17.6,377,627
292,GMC,G1500/G2500 SAVANA PASSENGER,VAN - PASSENGER,5.0,8,A4,GP,18.3,377,728
100,CHEVROLET,G1500/G2500 CHEVY EXPRESS,VAN - PASSENGER,4.3,6,A4,GS,18.3,380,713
249,FORD,F150 4X4,PICKUP TRUCK - STANDARD,4.6,8,A4,GP,18.5,380,619
250,FORD,F150 4X4,PICKUP TRUCK - STANDARD,4.6,8,M5,GP,18.8,380,673
59,BMW,Z8,TWO-SEATER,4.9,8,M6,GP,19.3,380,613
291,GMC,G1500/G2500 SAVANA PASSENGER,VAN - PASSENGER,4.3,6,A4,GP,18.3,380,555
581,TOYOTA,TUNDRA 4X4,PICKUP TRUCK - STANDARD,4.7,8,A4,GP,18.2,382,714
221,FORD,E150 CLUB WAGON,VAN - PASSENGER,4.6,8,A4,GS,18.8,382,595
176,DODGE,DAKOTA 4X4,PICKUP TRUCK - STANDARD,4.7,8,M5,DP,18.8,382,720
80,CHEVROLET,C1500 SILVERADO,PICKUP TRUCK - STANDARD,4.3,6,M5,DP,18.5,384,723
279,GMC,C1500 SIERRA,PICKUP TRUCK - STANDARD,4.3,6,M5,GP,18.5,384,656
101,CHEVROLET,G1500/G2500 CHEVY EXPRESS,VAN - PASSENGER,5.0,8,A4,GS,18.5,384,710
198,DODGE,RAM 1500 VAN,VAN - CARGO,5.2,8,A4,GS,19.6,386,685
106,CHEVROLET,K1500 SILVERADO 4X4,PICKUP TRUCK - STANDARD,4.3,6,M5,DP,18.7,386,686
174,DODGE,DAKOTA 4X4,PICKUP TRUCK - STANDARD,3.9,6,M5,GP,19.1,386,729
78,CHEVROLET,BLAZER 4X4,SUV,4.3,6,M5,DP,18.7,386,613
299,GMC,K1500 SIERRA 4X4,PICKUP TRUCK - STANDARD,4.3,6,M5,GP,18.7,386,750
297,GMC,JIMMY 4X4,SUV,4.3,6,M5,GP,18.7,386,664
178,DODGE,DURANGO 4X4,SUV,4.7,8,A4,GS,19.3,389,693
223,FORD,E150 VAN,VAN - CARGO,4.2,6,A4,GS,19.0,389,669
283,GMC,C1500 YUKON,SUV,4.8,8,A4,GP,18.7,391,567
226,FORD,E250 VAN,VAN - CARGO,4.2,6,A4,GS,19.1,391,643
284,GMC,C1500 YUKON,SUV,5.3,8,A4,GP,18.9,391,569
285,GMC,C1500 YUKON XL,SUV,5.3,8,A4,GP,18.9,391,667
121,CHEVROLET,NEW K1500 TAHOE 4X4,SUV,5.3,8,A4,GS,18.9,391,553
117,CHEVROLET,NEW C1500 SUBURBAN,SUV,5.3,8,A4,GS,18.9,391,655
303,GMC,K1500 YUKON 4X4,SUV,4.8,8,A4,GP,18.7,391,696
118,CHEVROLET,NEW C1500 TAHOE,SUV,4.8,8,A4,GS,18.7,391,594
119,CHEVROLET,NEW C1500 TAHOE,SUV,5.3,8,A4,GS,18.9,391,675
120,CHEVROLET,NEW K1500 TAHOE 4X4,SUV,4.8,8,A4,GS,18.7,391,764
304,GMC,K1500 YUKON 4X4,SUV,5.3,8,A4,GP,18.9,391,607
232,FORD,EXPEDITION 4X4,SUV,4.6,8,A4,GS,19.3,391,591
200,DODGE,RAM 1500 WAGON,VAN - PASSENGER,3.9,6,A3,GS,18.3,393,645
201,DODGE,RAM 1500 WAGON,VAN - PASSENGER,5.2,8,A4,GS,20.0,393,647
202,DODGE,RAM 2500 VAN,VAN - CARGO,5.2,8,A4,GS,20.0,393,667
220,FORD,E150 CLUB WAGON,VAN - PASSENGER,4.2,6,A4,GS,19.1,393,607
433,MERCEDES-BENZ,SL 600,SUBCOMPACT,6.0,12,A5,GP,20.1,393,574
290,GMC,G15/G25 SAVANA CARGO,VAN - CARGO,5.7,8,A4,GP,19.1,396,694
191,DODGE,RAM 1500,PICKUP TRUCK - STANDARD,5.2,8,A4,DS,20.0,396,582
192,DODGE,RAM 1500,PICKUP TRUCK - STANDARD,5.2,8,M5,GP,20.2,396,598
208,DODGE,VIPER RT/10,SUBCOMPACT,8.0,10,M6,DP,21.4,396,645
207,DODGE,VIPER GTS,SUBCOMPACT,8.0,10,M6,DP,21.4,396,570
99,CHEVROLET,G15/G25 CHEVY VAN,VAN - CARGO,5.7,8,A4,GS,19.3,398,671
379,LAND ROVER,RANGE ROVER 4X4,SUV,4.0,8,A4,GP,19.6,403,709
231,FORD,EXPEDITION,SUV,5.4,8,A4,GP,20.2,403,623
377,LAND ROVER,DISCOVERY SERIES II 4X4,SUV,4.0,8,A4,GP,19.6,403,607
378,LAND ROVER,DISCOVERY SERIES II 4X4,SUV,4.0,8,A4,DP,19.6,403,706
227,FORD,E250 VAN,VAN - CARGO,5.4,8,A4,GS,20.2,403,661
222,FORD,E150 CLUB WAGON,VAN - PASSENGER,5.4,8,A4,GS,19.9,403,593
385,LEXUS,LX 470,SUV,4.7,8,A4,GP,19.4,405,670
108,CHEVROLET,K1500 SILVERADO 4X4,PICKUP TRUCK - STANDARD,4.8,8,M5,GP,20.1,405,759
301,GMC,K1500 SIERRA 4X4,PICKUP TRUCK - STANDARD,4.8,8,M5,GP,20.2,407,581
203,DODGE,RAM 2500 VAN,VAN - CARGO,5.9,8,A4,GS,21.5,416,597
193,DODGE,RAM 1500,PICKUP TRUCK - STANDARD,5.9,8,A4,DS,21.5,416,733
206,DODGE,RAM 2500 WAGON,VAN - PASSENGER,5.9,8,A4,GS,21.8,423,638
251,FORD,F150 4X4,PICKUP TRUCK - STANDARD,5.4,8,A4,GP,20.7,423,640
199,DODGE,RAM 1500 VAN,VAN - CARGO,5.9,8,A4,GS,20.8,423,640
172,DODGE,DAKOTA,PICKUP TRUCK - STANDARD,5.9,8,A4,DS,20.8,423,682
102,CHEVROLET,G1500/G2500 CHEVY EXPRESS,VAN - PASSENGER,5.7,8,A4,GS,20.6,426,602
293,GMC,G1500/G2500 SAVANA PASSENGER,VAN - PASSENGER,5.7,8,A4,GP,20.6,426,584
233,FORD,EXPEDITION 4X4,SUV,5.4,8,A4,GS,21.1,426,748
196,DODGE,RAM 1500 4X4,PICKUP TRUCK - STANDARD,5.9,8,A4,GS,21.6,426,617
69,CADILLAC,ESCALADE 4X4,SUV,5.7,8,A4,GS,21.2,430,657
392,LINCOLN,NAVIGATOR 4X4,SUV,5.4,8,A4,GP,21.4,430,611
110,CHEVROLET,K1500 TAHOE 4X4,SUV,5.7,8,A4,DS,21.1,430,759
305,GMC,K1500 YUKON 4X4,SUV,5.7,8,A4,GP,21.2,430,617
287,GMC,C2500 SIERRA,PICKUP TRUCK - STANDARD,6.0,8,A4,GP,21.4,435,641
85,CHEVROLET,C2500 SILVERADO,PICKUP TRUCK - STANDARD,6.0,8,A4,GS,21.4,435,711
194,DODGE,RAM 1500 4X4,PICKUP TRUCK - STANDARD,5.2,8,A4,GP,21.6,435,681
195,DODGE,RAM 1500 4X4,PICKUP TRUCK - STANDARD,5.2,8,M5,GP,22.1,437,629
180,DODGE,DURANGO 5.9 R/T 4X4,SUV,5.9,8,A4,DS,22.3,444,652
177,DODGE,DAKOTA 4X4,PICKUP TRUCK - STANDARD,5.9,8,A4,GS,22.3,444,750
205,DODGE,RAM 2500 WAGON,VAN - PASSENGER,5.2,8,A4,GS,21.8,444,765
179,DODGE,DURANGO 4X4,SUV,5.9,8,A4,GS,22.3,444,582
380,LAND ROVER,RANGE ROVER 4X4,SUV,4.6,8,A4,DP,22.1,458,760
210,FERRARI,360 MODENA F1,TWO-SEATER,3.6,8,M6,GP,24.1,472,741
209,FERRARI,360 MODENA F1,TWO-SEATER,3.6,8,AS6,DS,24.6,474,676
214,FERRARI,456 MGTA,SUBCOMPACT,5.5,12,M6,GP,26.3,495,644
212,FERRARI,456 MGT,SUBCOMPACT,5.5,12,M6,DP,26.3,495,701
211,FERRARI,456 MGT,SUBCOMPACT,5.5,12,A4,DS,26.7,513,551
213,FERRARI,456 MGTA,SUBCOMPACT,5.5,12,A4,GS,26.7,513,550
215,FERRARI,550 MARANELLO,SUBCOMPACT,5.5,12,M6,GP,30.2,582,647
