﻿CONTINENT,MAKE
EUROPE,AUDI
EUROPE,BMW
NORTH AMERICA,BUICK
NORTH AMERICA,CADILLAC
NORTH AMERICA,CHEVROLET
NORTH AMERICA,CHRYSLER
NORTH AMERICA,DODGE
EUROPE,FERRARI
NORTH AMERICA,FORD
NORTH AMERICA,GMC
ASIA,HONDA
ASIA,HYUNDAI
EUROPE,INFINITI
ASIA,ISUZU
EUROPE,JAGUAR
EUROPE,JEEP
ASIA,KIA
EUROPE,LAND ROVER
EUROPE,LEXUS
NORTH AMERICA,LINCOLN
ASIA,MAZDA
EUROPE,MERCEDES-BENZ
EUROPE,NISSAN
NORTH AMERICA,OLDSMOBILE
NORTH AMERICA,PLYMOUTH
NORTH AMERICA,PONTIAC
EUROPE,PORSCHE
NORTH AMERICA,SAAB
NORTH AMERICA,SATURN
ASIA,SUBARU
ASIA,SUZUKI
ASIA,TOYOTA
EUROPE,VOLKSWAGEN
EUROPE,VOLVO
