YEAR,MAKE,MODEL,VEHICLE CLASS,ENGINE SIZE,CYLINDERS,TRANSMISSION,FUEL,FUEL CONSUMPTION,COEMISSIONS ,MAXIMUM RANGE
2011,ACURA,1.6EL,COMPACT,1.6,4,A4,GS,10.5,216,588
2011,ACURA,1.6EL,COMPACT,1.6,4,M5,GS,9.8,205,643
2011,ACURA,3.2TL,MID-SIZE,3.2,6,AS5,GS,13.7,265,708
2011,ACURA,3.5RL,MID-SIZE,3.5,6,A4,GS,15,301,575
2012,ACURA,INTEGRA,SUBCOMPACT,1.8,4,A4,UNKNOWN,11.4,230,683
2012,ACURA,INTEGRA,SUBCOMPACT,1.8,4,M5,GS,10.6,219,714
2012,ACURA,INTEGRA GSR/TYPE R,SUBCOMPACT,1.8,4,M5,UNKNOWN,10.8,223,753
2013,ACURA,NSX,SUBCOMPACT,3,6,AS4,GS,15.2,306,601
2013,ACURA,NSX,SUBCOMPACT,3.2,6,M6,GS,15.4,306,707
2005,AUDI,A4,COMPACT,1.8,4,A5,GS,12.9,251,621
2015,AUDI,A4,COMPACT,1.8,4,M5,UNKNOWN,11.1,223,585
2008,AUDI,A4,COMPACT,2.8,6,A5,GS,14.6,285,561
2010,AUDI,A4,COMPACT,2.8,6,M5,GP,13.2,260,555
2010,AUDI,A4 QUATTRO,COMPACT,1.8,4,A5,UNKNOWN,13.6,267,752
2014,AUDI,A4 QUATTRO,COMPACT,1.8,4,M5,GP,12.1,246,622
2014,AUDI,A4 QUATTRO,COMPACT,2.8,6,A5,UNKNOWN,14.9,292,580
2015,AUDI,A4 QUATTRO,COMPACT,2.8,6,M5,GP,14.3,288,551
2009,AUDI,A6,MID-SIZE,2.8,6,A5,GS,15,294,707
2009,AUDI,A6 AVANT QUATTRO,STATION WAGON - MID-SIZE,2.8,6,A5,GS,15.4,306,727
2009,AUDI,A6 QUATTRO,MID-SIZE,2.7,6,A5,GS,15.2,304,726
2009,AUDI,A6 QUATTRO,MID-SIZE,2.7,6,M6,GP,15.2,304,552
2016,AUDI,A6 QUATTRO,MID-SIZE,2.8,6,A5,GS,15.4,306,593
2016,AUDI,A6 QUATTRO,MID-SIZE,2.8,6,M5,GP,14.6,297,642
2016,AUDI,A6 QUATTRO,MID-SIZE,4.2,8,A5,GS,15.5,308,768
2016,AUDI,A8 QUATTRO,MID-SIZE,4.2,8,A5,GS,15.5,308,583
2016,AUDI,S4 QUATTRO,COMPACT,2.7,6,A5,GS,15.2,304,671
2017,AUDI,S4 QUATTRO,COMPACT,2.7,6,M6,GP,15.2,304,682
2009,AUDI,TT COUPE QUATTRO,MINICOMPACT,1.8,4,M5,GP,13.1,260,637
2011,AUDI,TT COUPE QUATTRO (SUPERCHARGED),MINICOMPACT,1.8,4,M6,GP,13.1,260,736
2010,AUDI,TT ROADSTER,TWO-SEATER,1.8,4,M5,GP,12.3,246,642
2010,AUDI,TT ROADSTER QUATTRO (SUPERCHARGED),TWO-SEATER,1.8,4,M6,GP,13.1,260,555
2016,BMW,323 CONVERTIBLE,COMPACT,2.5,6,A5,UNKNOWN,14.6,292,559
2016,BMW,323 CONVERTIBLE,COMPACT,2.5,6,M5,GP,13.9,281,669
2016,BMW,323Ci,COMPACT,2.5,6,A5,UNKNOWN,13.8,271,712
2017,BMW,323Ci,COMPACT,2.5,6,M5,GP,13,258,685
2014,BMW,323i,COMPACT,2.5,6,A5,UNKNOWN,13.8,271,580
2014,BMW,323i,COMPACT,2.5,6,M5,DP,13,258,621
2014,BMW,328Ci,COMPACT,2.8,6,A5,DS,13.9,274,765
2017,BMW,328Ci,COMPACT,2.8,6,M5,DP,13,258,767
2014,BMW,328i,COMPACT,2.8,6,A5,DS,13.9,274,634
2016,BMW,328i,COMPACT,2.8,6,M5,DP,13,258,637
2015,BMW,528i,COMPACT,2.8,6,A4,UNKNOWN,14.6,288,764
2017,BMW,528i,COMPACT,2.8,6,M5,GP,13,258,758
2017,BMW,528i TOURING,STATION WAGON - SMALL,2.8,6,A4,DS,14.6,288,584
2017,BMW,528i TOURING,STATION WAGON - SMALL,2.8,6,M5,DP,14.5,285,665
2016,BMW,540i,COMPACT,4.4,8,A5,DS,14.7,294,608
2015,BMW,540i,COMPACT,4.4,8,M6,DP,16.4,317,715
2014,BMW,540i TOURING,STATION WAGON - SMALL,4.4,8,A5,DS,15.5,320,705
2014,BMW,740i,MID-SIZE,4.4,8,A5,UNKNOWN,15.4,308,734
2015,BMW,740iL,FULL-SIZE,4.4,8,A5,UNKNOWN,15.4,308,675
2016,BMW,750iL,FULL-SIZE,5.4,12,A5,GS,19.1,373,571
2006,BMW,M COUPE,TWO-SEATER,3.2,6,M5,GP,13.9,281,572
2008,BMW,M ROADSTER,MINICOMPACT,3.2,6,M5,GP,13.9,281,733
2011,BMW,M5,COMPACT,4.9,8,M6,GP,19.6,375,594
2011,BMW,X5,SUV,4.4,8,A5,GS,14.9,294,713
2015,BMW,Z3,SUBCOMPACT,2.5,6,A4,UNKNOWN,14,278,663
2015,BMW,Z3,SUBCOMPACT,2.5,6,M5,DP,13.4,267,582
2016,BMW,Z3,SUBCOMPACT,2.8,6,A4,GS,13.9,278,577
2017,BMW,Z3,SUBCOMPACT,2.8,6,M5,DP,13.9,278,556
2015,BMW,Z8,TWO-SEATER,4.9,8,M6,GP,19.3,380,613
2009,BUICK,CENTURY,MID-SIZE,3.1,6,A4,UNKNOWN,13.1,255,678
2011,BUICK,LESABRE,FULL-SIZE,3.8,6,A4,UNKNOWN,13.8,265,594
2011,BUICK,PARK AVENUE,FULL-SIZE,3.8,6,A4,UNKNOWN,14.4,276,751
2011,BUICK,PARK AVENUE #,FULL-SIZE,3.8,6,A4,GS,15.1,290,709
2011,BUICK,REGAL,MID-SIZE,3.8,6,A4,GS,13.5,262,617
2011,BUICK,REGAL #,MID-SIZE,3.8,6,A4,GS,15.1,290,624
2000,CADILLAC,CATERA,MID-SIZE,3,6,A4,GS,14.7,294,707
2000,CADILLAC,DEVILLE,FULL-SIZE,4.6,8,A4,GS,15.5,297,587
2000,CADILLAC,ELDORADO,MID-SIZE,4.6,8,A4,GS,15.5,297,689
2000,CADILLAC,ESCALADE 4X4,SUV,5.7,8,A4,UNKNOWN,21.2,430,657
2005,CADILLAC,SEVILLE,MID-SIZE,4.6,8,A4,UNKNOWN,15.5,297,715
2005,CHEVROLET,ASTRO AWD CARGO,VAN - CARGO,4.3,6,A4,UNKNOWN,17,350,615
2005,CHEVROLET,ASTRO AWD PASSENGER,VAN - PASSENGER,4.3,6,A4,UNKNOWN,17.4,359,768
2005,CHEVROLET,ASTRO CARGO,VAN - CARGO,4.3,6,A4,UNKNOWN,16.2,336,707
2005,CHEVROLET,ASTRO PASSENGER,VAN - PASSENGER,4.3,6,A4,GS,17.7,368,689
2010,CHEVROLET,BLAZER,SUV,4.3,6,A4,GS,16.2,336,714
2010,CHEVROLET,BLAZER,SUV,4.3,6,M5,GP,16.3,327,694
2011,CHEVROLET,BLAZER 4X4,SUV,4.3,6,A4,DS,16.9,350,767
2010,CHEVROLET,BLAZER 4X4,SUV,4.3,6,M5,DP,18.7,386,613
2011,CHEVROLET,C1500 SILVERADO,PICKUP TRUCK - STANDARD,4.3,6,A4,GS,17.7,368,579
2011,CHEVROLET,C1500 SILVERADO,PICKUP TRUCK - STANDARD,4.3,6,M5,DP,18.5,384,723
2011,CHEVROLET,C1500 SILVERADO,PICKUP TRUCK - STANDARD,4.8,8,A4,GS,16.3,334,715
2011,CHEVROLET,C1500 SILVERADO,PICKUP TRUCK - STANDARD,4.8,8,M5,GP,18.9,373,698
2011,CHEVROLET,C1500 SILVERADO,PICKUP TRUCK - STANDARD,5.3,8,A4,GS,16.7,343,743
2011,CHEVROLET,C2500 SILVERADO,PICKUP TRUCK - STANDARD,5.3,8,A4,GS,17.9,373,677
2011,CHEVROLET,C2500 SILVERADO,PICKUP TRUCK - STANDARD,6,8,A4,GS,21.4,435,711
2011,CHEVROLET,CAMARO,SUBCOMPACT,3.8,6,A4,GS,13.9,269,590
2011,CHEVROLET,CAMARO,SUBCOMPACT,3.8,6,M5,GP,13.7,262,563
2011,CHEVROLET,CAMARO,SUBCOMPACT,5.7,8,A4,UNKNOWN,15.4,306,633
2011,CHEVROLET,CAMARO,SUBCOMPACT,5.7,8,M6,UNKNOWN,14.7,285,617
2011,CHEVROLET,CAVALIER,SUBCOMPACT,2.2,4,A4,UNKNOWN,11.6,232,742
2012,CHEVROLET,CAVALIER,SUBCOMPACT,2.2,4,M5,UNKNOWN,12.2,235,676
2012,CHEVROLET,CAVALIER,SUBCOMPACT,2.4,4,A4,UNKNOWN,12.5,248,765
2005,CHEVROLET,CAVALIER,SUBCOMPACT,2.4,4,M5,UNKNOWN,12.1,235,720
2005,CHEVROLET,CAVALIER BIFUEL,SUBCOMPACT,2.2,4,A3,UNKNOWN,11.8,242,656
2005,CHEVROLET,CORVETTE,SUBCOMPACT,5.7,8,A4,UNKNOWN,15.5,308,561
2005,CHEVROLET,CORVETTE,SUBCOMPACT,5.7,8,M6,UNKNOWN,14.4,278,724
2005,CHEVROLET,G15/G25 CHEVY VAN,VAN - CARGO,4.3,6,A4,GS,17.8,368,557
2005,CHEVROLET,G15/G25 CHEVY VAN,VAN - CARGO,5,8,A4,GS,18.2,373,604
2006,CHEVROLET,G15/G25 CHEVY VAN,VAN - CARGO,5.7,8,A4,GS,19.3,398,671
2006,CHEVROLET,G1500/G2500 CHEVY EXPRESS,VAN - PASSENGER,4.3,6,A4,GS,18.3,380,713
2006,CHEVROLET,G1500/G2500 CHEVY EXPRESS,VAN - PASSENGER,5,8,A4,GS,18.5,384,710
2006,CHEVROLET,G1500/G2500 CHEVY EXPRESS,VAN - PASSENGER,5.7,8,A4,GS,20.6,426,602
2007,CHEVROLET,IMPALA,FULL-SIZE,3.4,6,A4,GS,13.6,260,735
2008,CHEVROLET,IMPALA,FULL-SIZE,3.8,6,A4,GS,13.5,262,763
2009,CHEVROLET,K1500 SILVERADO 4X4,PICKUP TRUCK - STANDARD,4.3,6,A4,GS,17,350,657
2009,CHEVROLET,K1500 SILVERADO 4X4,PICKUP TRUCK - STANDARD,4.3,6,M5,DP,18.7,386,686
2006,CHEVROLET,K1500 SILVERADO 4X4,PICKUP TRUCK - STANDARD,4.8,8,A4,GS,17.3,366,729
2006,CHEVROLET,K1500 SILVERADO 4X4,PICKUP TRUCK - STANDARD,4.8,8,M5,GP,20.1,405,759
2007,CHEVROLET,K1500 SILVERADO 4X4,PICKUP TRUCK - STANDARD,5.3,8,A4,DS,18,377,589
2007,CHEVROLET,K1500 TAHOE 4X4,SUV,5.7,8,A4,DS,21.1,430,759
2010,CHEVROLET,LUMINA/MONTE CARLO,MID-SIZE,3.4,6,A4,DS,13.6,260,727
2010,CHEVROLET,LUMINA/MONTE CARLO,MID-SIZE,3.8,6,A4,DS,13.5,262,678
2011,CHEVROLET,MALIBU,MID-SIZE,3.1,6,A4,DS,13.1,255,572
2010,CHEVROLET,METRO,SUBCOMPACT,1,3,M5,GP,7.1,147,680
2010,CHEVROLET,METRO,SUBCOMPACT,1.3,4,A3,GS,9.1,191,623
2011,CHEVROLET,METRO,SUBCOMPACT,1.3,4,M5,DP,7.6,156,721
2010,CHEVROLET,NEW C1500 SUBURBAN,SUV,5.3,8,A4,GS,18.9,391,655
2010,CHEVROLET,NEW C1500 TAHOE,SUV,4.8,8,A4,GS,18.7,391,594
2000,CHEVROLET,NEW C1500 TAHOE,SUV,5.3,8,A4,GS,18.9,391,675
2000,CHEVROLET,NEW K1500 TAHOE 4X4,SUV,4.8,8,A4,GS,18.7,391,764
2000,CHEVROLET,NEW K1500 TAHOE 4X4,SUV,5.3,8,A4,GS,18.9,391,553
2000,CHEVROLET,S10,PICKUP TRUCK - SMALL,2.2,4,A4,GS,13.8,278,659
2000,CHEVROLET,S10,PICKUP TRUCK - SMALL,2.2,4,M5,GP,12.2,246,681
2000,CHEVROLET,S10,PICKUP TRUCK - SMALL,4.3,6,A4,GS,15.4,313,737
2000,CHEVROLET,S10,PICKUP TRUCK - SMALL,4.3,6,M5,GP,16.1,322,567
2000,CHEVROLET,S10 4X4,PICKUP TRUCK - STANDARD,4.3,6,A4,DS,16.8,345,558
2000,CHEVROLET,S10 4X4,PICKUP TRUCK - STANDARD,4.3,6,M5,DP,16.3,329,619
2000,CHEVROLET,TRACKER 4X4,SUV,2,4,A4,DS,11.7,251,655
2000,CHEVROLET,TRACKER 4X4,SUV,2,4,M5,DP,11.9,255,659
2000,CHEVROLET,TRACKER CONVERTIBLE 4X4,SUV,1.6,4,M5,GP,10.5,228,747
2000,CHEVROLET,TRACKER CONVERTIBLE 4X4,SUV,2,4,A4,GS,11.7,251,738
2000,CHEVROLET,TRACKER CONVERTIBLE 4X4,SUV,2,4,M5,DP,11.9,255,550
2000,CHEVROLET,VENTURE,MINIVAN,3.4,6,A4,GS,14,281,661
2005,CHRYSLER,300M,FULL-SIZE,3.5,6,AS4,GP,14.4,283,622
2005,CHRYSLER,CIRRUS,MID-SIZE,2.4,4,A4,GS,13.4,265,700
2005,CHRYSLER,CIRRUS,MID-SIZE,2.5,6,A4,DS,13.6,269,580
2005,CHRYSLER,CONCORDE,FULL-SIZE,2.7,6,A4,GS,13.2,260,629
2005,CHRYSLER,CONCORDE,FULL-SIZE,3.2,6,A4,GS,14.2,276,722
2005,CHRYSLER,INTREPID,FULL-SIZE,2.7,6,A4,GS,13.2,260,716
2005,CHRYSLER,INTREPID,FULL-SIZE,2.7,6,AS4,GP,13.2,258,606
2005,CHRYSLER,INTREPID,FULL-SIZE,3.2,6,AS4,GP,14.2,274,676
2005,CHRYSLER,INTREPID,FULL-SIZE,3.5,6,AS4,GP,14.4,283,758
2005,CHRYSLER,LHS,FULL-SIZE,3.5,6,A4,DS,14.7,288,587
2005,CHRYSLER,NEON,COMPACT,2,4,A3,DS,10.9,223,634
2005,CHRYSLER,NEON,COMPACT,2,4,M5,DP,9.6,198,584
2005,CHRYSLER,PT CRUISER,SUBCOMPACT,2.4,4,A4,GS,13.4,276,589
2006,CHRYSLER,PT CRUISER,SUBCOMPACT,2.4,4,M5,GP,13.2,269,566
2006,CHRYSLER,SEBRING,COMPACT,2.5,6,A4,GS,13.5,267,646
2007,CHRYSLER,SEBRING CONVERTIBLE,COMPACT,2.5,6,A4,GS,13.6,269,707
2008,CHRYSLER,SEBRING CONVERTIBLE,COMPACT,2.5,6,AS4,GS,14.7,288,599
2009,CHRYSLER,TOWN & COUNTRY,MINIVAN,3.8,6,A4,GS,15.2,304,564
2010,CHRYSLER,TOWN & COUNTRY AWD,MINIVAN,3.8,6,A4,GS,16.2,320,611
2011,DAEWOO,LANOS,SUBCOMPACT,1.5,4,A4,GS,11.3,216,608
2012,DAEWOO,LANOS,SUBCOMPACT,1.5,4,M5,GP,10.3,205,706
2010,DAEWOO,LANOS,SUBCOMPACT,1.6,4,A4,DS,11.6,225,667
2010,DAEWOO,LANOS,SUBCOMPACT,1.6,4,M5,DP,10.4,207,768
2010,DAEWOO,LEGANZA,COMPACT,2.2,4,A4,GS,13.4,265,604
2010,DAEWOO,LEGANZA,COMPACT,2.2,4,M5,DP,13.1,258,587
2010,DAEWOO,NUBIRA,COMPACT,2,4,A4,GS,12,239,706
2010,DAEWOO,NUBIRA,COMPACT,2,4,M5,GP,11.9,237,692
2010,DAEWOO,NUBIRA WAGON,STATION WAGON - SMALL,2,4,A4,GS,12,239,716
2005,DAEWOO,NUBIRA WAGON,STATION WAGON - SMALL,2,4,M5,GP,11.9,237,617
2020,DODGE,CARAVAN,MINIVAN,3,6,A4,DS,14.6,290,739
2020,DODGE,CARAVAN,MINIVAN,3.3,6,A4,DS,14.5,288,741
2020,DODGE,CARAVAN,MINIVAN,3.8,6,A4,DS,15.2,304,580
2020,DODGE,CARAVAN FFV,MINIVAN,3.3,6,A4,DS,14.5,288,640
2020,DODGE,CARAVAN FFV,MINIVAN,3.3,6,A4,DS,20.6,283,714
2020,DODGE,DAKOTA,PICKUP TRUCK - STANDARD,3.9,6,A4,DS,16.3,331,624
2020,DODGE,DAKOTA,PICKUP TRUCK - STANDARD,3.9,6,M5,DP,16.8,329,700
2020,DODGE,DAKOTA,PICKUP TRUCK - STANDARD,4.7,8,A4,GS,17.6,357,575
2020,DODGE,DAKOTA,PICKUP TRUCK - STANDARD,4.7,8,M5,GP,18.3,363,580
2020,DODGE,DAKOTA,PICKUP TRUCK - STANDARD,5.9,8,A4,DS,20.8,423,682
2020,DODGE,DAKOTA 4X4,PICKUP TRUCK - STANDARD,3.9,6,A4,GS,18.1,375,744
2020,DODGE,DAKOTA 4X4,PICKUP TRUCK - STANDARD,3.9,6,M5,GP,19.1,386,729
2020,DODGE,DAKOTA 4X4,PICKUP TRUCK - STANDARD,4.7,8,A4,DS,18.3,370,594
2020,DODGE,DAKOTA 4X4,PICKUP TRUCK - STANDARD,4.7,8,M5,DP,18.8,382,720
2020,DODGE,DAKOTA 4X4,PICKUP TRUCK - STANDARD,5.9,8,A4,GS,22.3,444,750
2020,DODGE,DURANGO 4X4,SUV,4.7,8,A4,GS,19.3,389,693
2020,DODGE,DURANGO 4X4,SUV,5.9,8,A4,GS,22.3,444,582
2020,DODGE,DURANGO 5.9 R/T 4X4,SUV,5.9,8,A4,DS,22.3,444,652
2020,DODGE,GRAND CARAVAN,MINIVAN,3,6,A4,GS,14.6,290,732
2020,DODGE,GRAND CARAVAN,MINIVAN,3.3,6,A4,GS,14.5,288,635
2020,DODGE,GRAND CARAVAN,MINIVAN,3.8,6,A4,GS,15.2,304,562
2020,DODGE,GRAND CARAVAN,MINIVAN,3.8,6,AS4,GS,15.5,308,752
2020,DODGE,GRAND CARAVAN AWD,MINIVAN,3.8,6,A4,GS,16.2,320,725
2020,DODGE,GRAND CARAVAN AWD,MINIVAN,3.8,6,AS4,GS,16.4,324,551
2020,DODGE,GRAND CARAVAN FFV,MINIVAN,3.3,6,A4,GS,14.5,288,606
2020,DODGE,GRAND CARAVAN FFV,MINIVAN,3.3,6,A4,GP,20.6,283,624
2020,DODGE,RAM 1500,PICKUP TRUCK - STANDARD,3.9,6,A4,DS,17.3,350,608
2020,DODGE,RAM 1500,PICKUP TRUCK - STANDARD,3.9,6,M5,DP,17.4,345,584
2020,DODGE,RAM 1500,PICKUP TRUCK - STANDARD,5.2,8,A4,DS,20,396,582
2020,DODGE,RAM 1500,PICKUP TRUCK - STANDARD,5.2,8,M5,GP,20.2,396,598
2020,DODGE,RAM 1500,PICKUP TRUCK - STANDARD,5.9,8,A4,DS,21.5,416,733
2020,DODGE,RAM 1500 4X4,PICKUP TRUCK - STANDARD,5.2,8,A4,GP,21.6,435,681
2020,DODGE,RAM 1500 4X4,PICKUP TRUCK - STANDARD,5.2,8,M5,GP,22.1,437,629
2020,DODGE,RAM 1500 4X4,PICKUP TRUCK - STANDARD,5.9,8,A4,GS,21.6,426,617
2020,DODGE,RAM 1500 VAN,VAN - CARGO,3.9,6,A3,GS,17.6,377,627
2020,DODGE,RAM 1500 VAN,VAN - CARGO,5.2,8,A4,GS,19.6,386,685
2020,DODGE,RAM 1500 VAN,VAN - CARGO,5.9,8,A4,GS,20.8,423,640
2020,DODGE,RAM 1500 WAGON,VAN - PASSENGER,3.9,6,A3,GS,18.3,393,645
2020,DODGE,RAM 1500 WAGON,VAN - PASSENGER,5.2,8,A4,GS,20,393,647
2020,DODGE,RAM 2500 VAN,VAN - CARGO,5.2,8,A4,GS,20,393,667
2020,DODGE,RAM 2500 VAN,VAN - CARGO,5.9,8,A4,GS,21.5,416,597
2020,DODGE,RAM 2500 VAN NGV,VAN - CARGO,5.2,8,A4,GS,20.8,353,739
2020,DODGE,RAM 2500 WAGON,VAN - PASSENGER,5.2,8,A4,GS,21.8,444,765
2020,DODGE,RAM 2500 WAGON,VAN - PASSENGER,5.9,8,A4,GS,21.8,423,638
2020,DODGE,VIPER GTS,SUBCOMPACT,8,10,M6,DP,21.4,396,570
2020,DODGE,VIPER RT/10,SUBCOMPACT,8,10,M6,DP,21.4,396,645
2020,FERRARI,360 MODENA F1,TWO-SEATER,3.6,8,AS6,DS,24.6,474,676
2019,FERRARI,360 MODENA F1,TWO-SEATER,3.6,8,M6,GP,24.1,472,741
2018,FERRARI,456 MGT,SUBCOMPACT,5.5,12,A4,DS,26.7,513,551
2017,FERRARI,456 MGT,SUBCOMPACT,5.5,12,M6,DP,26.3,495,701
2016,FERRARI,456 MGTA,SUBCOMPACT,5.5,12,A4,GS,26.7,513,550
2015,FERRARI,456 MGTA,SUBCOMPACT,5.5,12,M6,GP,26.3,495,644
2014,FERRARI,550 MARANELLO,SUBCOMPACT,5.5,12,M6,GP,30.2,582,647
2013,FORD,COUGAR,COMPACT,2,4,M5,GP,11.1,219,763
2012,FORD,COUGAR,COMPACT,2.5,6,A4,DS,13.1,260,769
2013,FORD,COUGAR,COMPACT,2.5,6,M5,DP,13.3,260,704
2014,FORD,CROWN VICTORIA,FULL-SIZE,4.6,8,A4,GS,15.1,299,642
2015,FORD,E150 CLUB WAGON,VAN - PASSENGER,4.2,6,A4,GS,19.1,393,607
2016,FORD,E150 CLUB WAGON,VAN - PASSENGER,4.6,8,A4,GS,18.8,382,595
2017,FORD,E150 CLUB WAGON,VAN - PASSENGER,5.4,8,A4,GS,19.9,403,593
2018,FORD,E150 VAN,VAN - CARGO,4.2,6,A4,GS,19,389,669
2019,FORD,E150 VAN,VAN - CARGO,4.6,8,A4,GS,17.8,359,569
2019,FORD,E150 VAN,VAN - CARGO,5.4,8,A4,GS,17.9,363,685
2019,FORD,E250 VAN,VAN - CARGO,4.2,6,A4,GS,19.1,391,643
2019,FORD,E250 VAN,VAN - CARGO,5.4,8,A4,GS,20.2,403,661
2019,FORD,ESCORT ZX2,COMPACT,2,4,A4,GS,10.6,216,721
2019,FORD,ESCORT ZX2,COMPACT,2,4,M5,DP,10.6,216,645
2019,FORD,EXPEDITION,SUV,4.6,8,A4,GP,17.8,359,695
2019,FORD,EXPEDITION,SUV,5.4,8,A4,GP,20.2,403,623
2016,FORD,EXPEDITION 4X4,SUV,4.6,8,A4,GS,19.3,391,591
2015,FORD,EXPEDITION 4X4,SUV,5.4,8,A4,GS,21.1,426,748
2014,FORD,EXPLORER,SUV,4,6,M5,GP,14.9,304,677
2013,FORD,EXPLORER,SUV,5,8,A4,DS,18.4,368,560
2012,FORD,EXPLORER 4X4,SUV,4,6,M5,GS,16.4,336,731
2011,FORD,EXPLORER 4X4,SUV,5,8,A4,GP,18.7,373,553
2010,FORD,EXPLORER OHV,SUV,4,6,A5,GP,17.1,357,756
2011,FORD,EXPLORER OHV 4X4,SUV,4,6,A5,GP,17.3,352,770
2012,FORD,EXPLORER SOHC,SUV,4,6,A5,GP,16.5,336,748
1013,FORD,EXPLORER SOHC 4X4,SUV,4,6,A5,GP,16.7,343,628
2014,FORD,F150,PICKUP TRUCK - STANDARD,4.2,6,A4,GP,16.7,340,753
2015,FORD,F150,PICKUP TRUCK - STANDARD,4.2,6,M5,GP,16.3,334,611
2016,FORD,F150,PICKUP TRUCK - STANDARD,4.6,8,A4,GP,17,345,628
2016,FORD,F150,PICKUP TRUCK - STANDARD,4.6,8,M5,GP,17.8,354,563
2016,FORD,F150,PICKUP TRUCK - STANDARD,5.4,8,A4,GP,17.9,363,590
2016,FORD,F150 4X4,PICKUP TRUCK - STANDARD,4.2,6,A4,GP,17.3,359,699
2015,FORD,F150 4X4,PICKUP TRUCK - STANDARD,4.2,6,M5,GP,18,373,769
2016,FORD,F150 4X4,PICKUP TRUCK - STANDARD,4.6,8,A4,GP,18.5,380,619
2015,FORD,F150 4X4,PICKUP TRUCK - STANDARD,4.6,8,M5,GP,18.8,380,673
2016,FORD,F150 4X4,PICKUP TRUCK - STANDARD,5.4,8,A4,GP,20.7,423,640
2015,FORD,FOCUS SEDAN,COMPACT,2,4,A4,UNKNOWN,10.8,221,559
2016,FORD,FOCUS SEDAN,COMPACT,2,4,M5,GP,10.8,216,707
2015,FORD,FOCUS WAGON,STATION WAGON - MID-SIZE,2,4,A4,DS,10.6,219,651
2014,FORD,FOCUS WAGON,STATION WAGON - MID-SIZE,2,4,M5,DP,10.9,216,612
2013,FORD,GRAND MARQUIS,FULL-SIZE,4.6,8,A4,UNKNOWN,15,297,604
2012,FORD,MUSTANG,SUBCOMPACT,3.8,6,A4,GS,13.4,267,550
2011,FORD,MUSTANG,SUBCOMPACT,3.8,6,M5,GP,13.6,267,750
2012,FORD,MUSTANG,SUBCOMPACT,4.6,8,A4,GS,15.1,301,693
2012,FORD,MUSTANG,SUBCOMPACT,4.6,8,M5,GP,15.4,304,651
2013,FORD,MUSTANG #,SUBCOMPACT,4.6,8,M5,GP,15.7,308,585
2013,FORD,RANGER,PICKUP TRUCK - STANDARD,3,6,A4,GP,15.7,315,684
2013,FORD,RANGER,PICKUP TRUCK - STANDARD,3,6,M5,GP,16.2,322,564
2005,FORD,RANGER,PICKUP TRUCK - STANDARD,4,6,A5,GP,17,354,604
2006,FORD,RANGER,PICKUP TRUCK - STANDARD,4,6,M5,GP,14.9,306,640
2005,FORD,RANGER 4X4,PICKUP TRUCK - STANDARD,3,6,A4,GP,16.4,336,658
2010,FORD,RANGER 4X4,PICKUP TRUCK - STANDARD,3,6,M5,GP,15.5,320,689
2010,FORD,RANGER 4X4,PICKUP TRUCK - STANDARD,4,6,A5,GP,17.3,357,755
2011,FORD,RANGER 4X4,PICKUP TRUCK - STANDARD,4,6,M5,GP,16.5,340,567
2010,FORD,TAURUS,MID-SIZE,3,6,A4,GS,13.6,267,748
2010,FORD,TAURUS #,MID-SIZE,3,6,A4,GS,13.5,265,750
2011,FORD,TAURUS WAGON,STATION WAGON - MID-SIZE,3,6,A4,GS,14.2,278,764
2011,FORD,TAURUS WAGON #,STATION WAGON - MID-SIZE,3,6,A4,GS,14,276,704
2012,FORD,WINDSTAR VAN,VAN - CARGO,3,6,A4,GS,15.6,311,754
2012,FORD,WINDSTAR VAN,VAN - CARGO,3.8,6,A4,GS,14.9,304,554
2012,FORD,WINDSTAR WAGON,MINIVAN,3,6,A4,GS,15.6,311,572
2012,FORD,WINDSTAR WAGON,MINIVAN,3.8,6,A4,GS,15.5,311,752
2012,GMC,C1500 SIERRA,PICKUP TRUCK - STANDARD,4.3,6,A4,GP,17.7,368,631
2012,GMC,C1500 SIERRA,PICKUP TRUCK - STANDARD,4.3,6,M5,GP,18.5,384,656
2012,GMC,C1500 SIERRA,PICKUP TRUCK - STANDARD,4.8,8,A4,GP,16.3,334,720
2012,GMC,C1500 SIERRA,PICKUP TRUCK - STANDARD,4.8,8,M5,GP,18.9,373,723
2013,GMC,C1500 SIERRA,PICKUP TRUCK - STANDARD,5.3,8,A4,GP,16.7,343,770
2013,GMC,C1500 YUKON,SUV,4.8,8,A4,GP,18.7,391,567
2013,GMC,C1500 YUKON,SUV,5.3,8,A4,GP,18.9,391,569
2013,GMC,C1500 YUKON XL,SUV,5.3,8,A4,GP,18.9,391,667
2013,GMC,C2500 SIERRA,PICKUP TRUCK - STANDARD,5.3,8,A4,GP,17.9,373,748
2013,GMC,C2500 SIERRA,PICKUP TRUCK - STANDARD,6,8,A4,GP,21.4,435,641
2014,GMC,G15/G25 SAVANA CARGO,VAN - CARGO,4.3,6,A4,GP,17.8,368,664
2014,GMC,G15/G25 SAVANA CARGO,VAN - CARGO,5,8,A4,GP,18.2,373,607
2013,GMC,G15/G25 SAVANA CARGO,VAN - CARGO,5.7,8,A4,GP,19.1,396,694
2012,GMC,G1500/G2500 SAVANA PASSENGER,VAN - PASSENGER,4.3,6,A4,GP,18.3,380,555
2013,GMC,G1500/G2500 SAVANA PASSENGER,VAN - PASSENGER,5,8,A4,GP,18.3,377,728
2014,GMC,G1500/G2500 SAVANA PASSENGER,VAN - PASSENGER,5.7,8,A4,GP,20.6,426,584
2013,GMC,JIMMY,SUV,4.3,6,A4,DP,16.2,336,690
2014,GMC,JIMMY,SUV,4.3,6,M5,DP,16.3,327,690
2013,GMC,JIMMY 4X4,SUV,4.3,6,A4,GP,17,350,742
2014,GMC,JIMMY 4X4,SUV,4.3,6,M5,GP,18.7,386,664
2014,GMC,K1500 SIERRA 4X4,PICKUP TRUCK - STANDARD,4.3,6,A4,GP,17,350,715
2014,GMC,K1500 SIERRA 4X4,PICKUP TRUCK - STANDARD,4.3,6,M5,GP,18.7,386,750
2013,GMC,K1500 SIERRA 4X4,PICKUP TRUCK - STANDARD,4.8,8,A4,GP,17.3,366,626
2013,GMC,K1500 SIERRA 4X4,PICKUP TRUCK - STANDARD,4.8,8,M5,GP,20.2,407,581
2012,GMC,K1500 SIERRA 4X4,PICKUP TRUCK - STANDARD,5.3,8,A4,GP,18,377,618
2000,GMC,K1500 YUKON 4X4,SUV,4.8,8,A4,GP,18.7,391,696
2000,GMC,K1500 YUKON 4X4,SUV,5.3,8,A4,GP,18.9,391,607
2000,GMC,K1500 YUKON 4X4,SUV,5.7,8,A4,GP,21.2,430,617
2000,GMC,SAFARI CARGO,VAN - CARGO,4.3,6,A4,GP,16.2,336,681
2000,GMC,SAFARI CARGO AWD,VAN - CARGO,4.3,6,A4,GP,17,350,720
2000,GMC,SAFARI PASSENGER,VAN - PASSENGER,4.3,6,A4,GP,17.7,368,589
2000,GMC,SAFARI PASSENGER AWD,VAN - PASSENGER,4.3,6,A4,GP,17.4,359,622
2000,GMC,SONOMA,PICKUP TRUCK - SMALL,2.2,4,A4,GP,13.8,278,758
2000,GMC,SONOMA,PICKUP TRUCK - SMALL,2.2,4,M5,GP,12.2,246,617
2000,GMC,SONOMA,PICKUP TRUCK - SMALL,4.3,6,A4,GP,15.4,313,641
2000,GMC,SONOMA,PICKUP TRUCK - SMALL,4.3,6,M5,GP,16.2,322,701
2000,GMC,SONOMA 4X4,PICKUP TRUCK - STANDARD,4.3,6,A4,GP,16.8,345,721
2000,GMC,SONOMA 4X4,PICKUP TRUCK - STANDARD,4.3,6,M5,GP,16.3,329,645
2000,HONDA,ACCORD,MID-SIZE,3,6,A4,GP,13,260,726
2000,HONDA,ACCORD DX,MID-SIZE,2.3,4,A4,GS,12.2,246,725
2000,HONDA,ACCORD DX,MID-SIZE,2.3,4,M5,GP,11.5,235,622
2000,HONDA,ACCORD EX/LX,MID-SIZE,2.3,4,A4,GS,11.8,237,761
2000,HONDA,ACCORD EX/LX,MID-SIZE,2.3,4,M5,GP,10.8,221,569
2000,HONDA,CIVIC COUPE Si,SUBCOMPACT,1.6,4,A4,DS,10.5,216,639
2000,HONDA,CIVIC COUPE Si,SUBCOMPACT,1.6,4,M5,DP,9.8,205,577
2000,HONDA,CIVIC COUPE SiR,SUBCOMPACT,1.6,4,M5,DP,10.9,223,686
2000,HONDA,CIVIC CX/DX/LX/EX,SUBCOMPACT,1.6,4,A4,DS,10,202,728
2000,HONDA,CIVIC CX/DX/LX/EX,SUBCOMPACT,1.6,4,M5,DP,8.8,184,729
2000,HONDA,CR-V,SUV,2,4,A4,DS,12.5,267,635
2000,HONDA,CR-V,SUV,2,4,M5,DP,12.5,267,614
2000,HONDA,INSIGHT,SUBCOMPACT,1,3,M5,UNKNOWN,4.9,104,582
2000,HONDA,ODYSSEY,MINIVAN,3.5,6,A4,UNKNOWN,14.9,292,711
2000,HONDA,PRELUDE,SUBCOMPACT,2.2,4,AS4,GP,12.7,260,761
2000,HONDA,PRELUDE,SUBCOMPACT,2.2,4,M5,GP,12,251,683
2000,HONDA,S2000,SUBCOMPACT,2,4,M6,GP,13.1,269,739
2000,HYUNDAI,ACCENT,COMPACT,1.5,4,A4,GS,10.5,209,673
2000,HYUNDAI,ACCENT,COMPACT,1.5,4,M5,GS,9.7,198,723
2000,HYUNDAI,ELANTRA,COMPACT,2,4,A4,GS,12.2,242,565
2000,HYUNDAI,ELANTRA,COMPACT,2,4,M5,GP,11.3,223,639
2000,HYUNDAI,ELANTRA WAGON,STATION WAGON - SMALL,2,4,A4,GS,12.5,248,669
2000,HYUNDAI,ELANTRA WAGON,STATION WAGON - SMALL,2,4,M5,GP,11.4,228,704
2000,HYUNDAI,SONATA 2.4L,MID-SIZE,2.4,4,A4,DS,13,260,611
2000,HYUNDAI,SONATA 2.5L,MID-SIZE,2.5,6,A4,DS,13.2,262,697
2000,HYUNDAI,TIBURON,SUBCOMPACT,2,4,A4,DS,12.2,244,657
2000,HYUNDAI,TIBURON,SUBCOMPACT,2,4,M5,DP,11.4,228,606
2000,INFINITI,G20,COMPACT,2,4,A4,GS,11.6,235,577
2000,INFINITI,G20,COMPACT,2,4,M5,GP,11.4,230,647
2000,INFINITI,I30,MID-SIZE,3,6,A4,GP,13.4,265,754
2000,INFINITI,QX4 4X4,SUV,3.3,6,A4,DP,17.7,366,666
2000,ISUZU,HOMBRE,PICKUP TRUCK - SMALL,2.2,4,A4,DP,13.8,278,670
2000,ISUZU,HOMBRE,PICKUP TRUCK - SMALL,2.2,4,M5,DP,12.2,246,566
2000,ISUZU,HOMBRE,PICKUP TRUCK - SMALL,4.3,6,A4,GP,15.4,313,642
2000,ISUZU,HOMBRE 4X4,PICKUP TRUCK - STANDARD,4.3,6,A4,GP,16.8,345,756
2000,ISUZU,RODEO 4X4,SUV,3.2,6,A4,DP,16.6,340,607
2000,ISUZU,RODEO 4X4,SUV,3.2,6,M5,GP,16.8,347,754
2000,ISUZU,TROOPER 4X4,SUV,3.5,6,A4,GP,17.8,366,716
2000,ISUZU,TROOPER 4X4,SUV,3.5,6,M5,GP,17.9,368,711
2000,JAGUAR,S-TYPE V6,MID-SIZE,3,6,A5,DP,14.8,290,754
2000,JAGUAR,S-TYPE V8,MID-SIZE,4,8,A5,DP,15.3,308,703
2000,JAGUAR,VANDEN PLAS,MID-SIZE,4,8,A5,DP,15.5,306,650
2000,JAGUAR,VANDEN PLAS SUPERCHARGED,MID-SIZE,4,8,A5,DP,16.6,331,649
2000,JAGUAR,XJ8,COMPACT,4,8,A5,DP,15.5,306,586
2000,JAGUAR,XJR #,COMPACT,4,8,A5,DP,16.5,331,634
2000,JAGUAR,XK8,SUBCOMPACT,4,8,A5,DP,15.4,304,658
2000,JAGUAR,XK8 CONVERTIBLE,MINICOMPACT,4,8,A5,DP,15.5,306,590
2000,JAGUAR,XKR #,SUBCOMPACT,4,8,A5,DP,15.7,313,728
2000,JAGUAR,XKR CONVERTIBLE #,MINICOMPACT,4,8,A5,DP,16.3,324,679
2000,JEEP,CHEROKEE 4X4,SUV,4,6,A4,GP,16.6,338,683
2000,JEEP,CHEROKEE 4X4,SUV,4,6,M5,GP,15.4,317,743
2000,JEEP,GRAND CHEROKEE 4X4,SUV,4,6,A4,GP,16.5,336,739
2000,JEEP,GRAND CHEROKEE 4X4,SUV,4.7,8,A4,GP,18,363,706
2000,JEEP,TJ 4X4,SUV,2.5,4,A3,DP,16.6,357,551
2000,JEEP,TJ 4X4,SUV,2.5,4,M5,DP,14.7,315,705
2000,JEEP,TJ 4X4,SUV,4,6,A3,GP,17.3,368,566
2000,JEEP,TJ 4X4,SUV,4,6,M5,GP,16.7,347,598
2000,KIA,SEPHIA,COMPACT,1.8,4,A4,GS,11.7,235,605
2000,KIA,SEPHIA,COMPACT,1.8,4,M5,GP,11.2,237,758
2000,KIA,SPORTAGE 4X4,SUV,2,4,A4,GS,13.4,294,623
2000,KIA,SPORTAGE 4X4,SUV,2,4,M5,GP,12.8,288,652
2000,LAND ROVER,DISCOVERY SERIES II 4X4,SUV,4,8,A4,GP,19.6,403,607
2000,LAND ROVER,DISCOVERY SERIES II 4X4,SUV,4,8,A4,DP,19.6,403,706
2000,LAND ROVER,RANGE ROVER 4X4,SUV,4,8,A4,GP,19.6,403,709
2000,LAND ROVER,RANGE ROVER 4X4,SUV,4.6,8,A4,DP,22.1,458,760
2000,LEXUS,ES 300,COMPACT,3,6,A4,GP,13.8,276,631
2000,LEXUS,GS 300,MID-SIZE,3,6,A5,GP,13.7,281,613
2000,LEXUS,GS 400,MID-SIZE,4,8,A5,GP,15,299,727
2000,LEXUS,LS 400,MID-SIZE,4,8,A5,GP,14.3,285,648
2000,LEXUS,LX 470,SUV,4.7,8,A4,GP,19.4,405,670
2000,LEXUS,RX 300,SUV,3,6,A4,GP,14.2,292,659
2000,LEXUS,RX 300 4X4,SUV,3,6,A4,GP,14.4,299,668
2000,LINCOLN,CONTINENTAL,FULL-SIZE,4.6,8,A4,GP,15.2,297,755
2000,LINCOLN,LS,MID-SIZE,3,6,A5,GP,15.4,304,746
2000,LINCOLN,LS,MID-SIZE,3,6,M5,GP,15.5,304,601
2000,LINCOLN,LS,MID-SIZE,3.9,8,A5,GP,15.9,313,645
2000,LINCOLN,NAVIGATOR 4X4,SUV,5.4,8,A4,GP,21.4,430,611
2000,LINCOLN,TOWN CAR,FULL-SIZE,4.6,8,A4,GP,15.3,304,634
2000,MAZDA,626,MID-SIZE,2,4,A4,UNKNOWN,12.7,258,669
2000,MAZDA,626,MID-SIZE,2,4,M5,DP,10.6,219,597
2000,MAZDA,626,MID-SIZE,2.5,6,A4,DP,13.7,278,718
2000,MAZDA,626,MID-SIZE,2.5,6,M5,DP,13.3,271,657
2000,MAZDA,B3000,PICKUP TRUCK - STANDARD,3,6,A4,DP,15.6,313,639
2000,MAZDA,B3000,PICKUP TRUCK - STANDARD,3,6,M5,DP,16.2,322,596
2000,MAZDA,B4000,PICKUP TRUCK - STANDARD,4,6,A5,DP,17.1,357,702
2000,MAZDA,B4000,PICKUP TRUCK - STANDARD,4,6,M5,DP,15.5,320,708
2000,MAZDA,B4000 4X4,PICKUP TRUCK - STANDARD,4,6,A5,DP,17.2,354,654
2000,MAZDA,B4000 4X4,PICKUP TRUCK - STANDARD,4,6,M5,DP,16.5,343,708
2000,MAZDA,MILLENIA,COMPACT,2.5,6,A4,GS,13.8,276,578
2000,MAZDA,MILLENIA #,COMPACT,2.3,6,A4,GS,13.7,271,707
2000,MAZDA,MPV,MINIVAN,2.5,6,A4,GS,15.2,313,714
2000,MAZDA,MX-5 MIATA,SUBCOMPACT,1.8,4,A4,GS,11.9,244,712
2000,MAZDA,MX-5 MIATA,SUBCOMPACT,1.8,4,M5,GP,11.1,230,636
2000,MAZDA,MX-5 MIATA,SUBCOMPACT,1.8,4,M6,GP,11.5,239,658
2000,MAZDA,PROTEGE,COMPACT,1.6,4,A4,DS,10.6,221,739
2000,MAZDA,PROTEGE,COMPACT,1.6,4,M5,DP,9.8,207,616
2000,MAZDA,PROTEGE,COMPACT,1.8,4,A4,GS,11.2,230,553
2000,MAZDA,PROTEGE,COMPACT,1.8,4,M5,GP,10.2,212,770
2000,MERCEDES-BENZ,C 230 KOMPRESSOR #,COMPACT,2.3,4,A5,GP,12.5,251,618
2000,MERCEDES-BENZ,C 280,COMPACT,2.8,6,A5,GP,12.7,258,590
2000,MERCEDES-BENZ,C 43 AMG,COMPACT,4.3,8,A5,GP,14.7,304,661
2000,MERCEDES-BENZ,CLK 320,SUBCOMPACT,3.2,6,A5,GP,12.9,255,605
2000,MERCEDES-BENZ,CLK 320 CABRIOLET,MINICOMPACT,3.2,6,A5,GP,13.6,269,647
2000,MERCEDES-BENZ,CLK 430,SUBCOMPACT,4.3,8,A5,GP,14.4,290,761
2000,MERCEDES-BENZ,CLK 430 CABRIOLET,MINICOMPACT,4.3,8,A5,GP,15.2,304,661
2000,MERCEDES-BENZ,E 320,MID-SIZE,3.2,6,A5,GP,12.9,253,744
2000,MERCEDES-BENZ,E 320 4MATIC,MID-SIZE,3.2,6,A5,GP,13.1,262,690
2000,MERCEDES-BENZ,E 320 4MATIC WAGON,STATION WAGON - MID-SIZE,3.2,6,A5,GP,13.5,274,647
2000,MERCEDES-BENZ,E 320 WAGON,STATION WAGON - MID-SIZE,3.2,6,A5,GP,13.2,267,651
2000,MERCEDES-BENZ,E 430,MID-SIZE,4.3,8,A5,GP,14.6,292,626
2000,MERCEDES-BENZ,E 430 4MATIC,MID-SIZE,4.3,8,A5,GP,15.1,306,717
2000,MERCEDES-BENZ,E 55 AMG,MID-SIZE,5.5,8,A5,GP,16,317,723
2000,MERCEDES-BENZ,ML 320,SUV,3.2,6,A5,GP,16.1,336,620
2000,MERCEDES-BENZ,ML 430,SUV,4.3,8,A5,GP,17,354,658
2000,MERCEDES-BENZ,S 430,FULL-SIZE,4.3,8,A5,GP,15.3,304,714
2000,MERCEDES-BENZ,S 500,FULL-SIZE,5,8,A5,GP,16.1,320,710
2000,MERCEDES-BENZ,SL 500,SUBCOMPACT,5,8,A5,GP,16.3,322,609
2000,MERCEDES-BENZ,SL 600,SUBCOMPACT,6,12,A5,GP,20.1,393,574
2000,MERCEDES-BENZ,SLK 230 KOMPRESSOR #,SUBCOMPACT,2.3,4,A5,GS,12,242,763
2000,MERCEDES-BENZ,SLK 230 KOMPRESSOR #,SUBCOMPACT,2.3,4,M5,GS,12.6,246,637
2000,NISSAN,ALTIMA,COMPACT,2.4,4,A4,UNKNOWN,12.8,258,660
2000,NISSAN,ALTIMA,COMPACT,2.4,4,M5,DP,11.6,235,691
2000,NISSAN,FRONTIER,PICKUP TRUCK - STANDARD,2.4,4,A4,DP,13.5,283,675
2000,NISSAN,FRONTIER,PICKUP TRUCK - STANDARD,2.4,4,M5,DP,12.1,255,686
2000,NISSAN,FRONTIER 4X4,PICKUP TRUCK - STANDARD,2.4,4,M5,DP,14.9,313,629
2000,NISSAN,FRONTIER V6,PICKUP TRUCK - STANDARD,3.3,6,A4,DP,16.8,350,609
2000,NISSAN,FRONTIER V6,PICKUP TRUCK - STANDARD,3.3,6,M5,DP,16.1,345,586
2000,NISSAN,FRONTIER V6 4X4,PICKUP TRUCK - STANDARD,3.3,6,A4,DP,17.3,361,696
2000,NISSAN,FRONTIER V6 4X4,PICKUP TRUCK - STANDARD,3.3,6,M5,DP,16.2,350,742
2000,NISSAN,MAXIMA,MID-SIZE,3,6,A4,DP,13.4,265,767
2000,NISSAN,MAXIMA,MID-SIZE,3,6,M5,DP,12.3,253,761
2000,NISSAN,PATHFINDER 4X4,SUV,3.3,6,A4,GP,17.3,361,672
2000,NISSAN,PATHFINDER 4X4,SUV,3.3,6,M5,GP,16.5,357,612
2000,NISSAN,QUEST,MINIVAN,3.3,6,A4,GP,15.5,306,624
2000,NISSAN,XTERRA,SUV,2.4,4,M5,GP,14.2,292,663
2000,NISSAN,XTERRA V6,SUV,3.3,6,A4,GP,16.5,343,571
2000,NISSAN,XTERRA V6,SUV,3.3,6,M5,GP,15.9,338,584
2000,NISSAN,XTERRA V6 4X4,SUV,3.3,6,A4,GP,17.3,361,718
2000,NISSAN,XTERRA V6 4X4,SUV,3.3,6,M5,GP,16.2,350,650
2000,OLDSMOBILE,ALERO,COMPACT,2.4,4,A4,GS,12.1,242,570
2000,OLDSMOBILE,ALERO,COMPACT,2.4,4,M5,GP,12.5,244,574
2000,OLDSMOBILE,ALERO,COMPACT,3.4,6,A4,GP,13.6,262,668
2000,OLDSMOBILE,INTRIGUE,MID-SIZE,3.5,6,A4,GP,14.7,283,734
2000,OLDSMOBILE,SILHOUETTE,MINIVAN,3.4,6,A4,GP,14,281,685
2000,PLYMOUTH,PROWLER,SUBCOMPACT,3.5,6,AS4,GP,15.4,308,766
2000,PONTIAC,BONNEVILLE,FULL-SIZE,3.8,6,A4,GP,14.4,276,643
2000,PONTIAC,BONNEVILLE #,FULL-SIZE,3.8,6,A4,GP,15.1,290,743
2000,PONTIAC,FIREBIRD/FORMULA,SUBCOMPACT,3.8,6,A4,GP,13.9,269,754
2000,PONTIAC,FIREBIRD/FORMULA,SUBCOMPACT,3.8,6,M5,GP,13.8,265,609
2000,PONTIAC,FIREBIRD/FORMULA,SUBCOMPACT,5.7,8,A4,GP,14.9,299,564
2000,PONTIAC,FIREBIRD/FORMULA,SUBCOMPACT,5.7,8,M6,GP,14.9,290,692
2000,PONTIAC,FIREFLY,SUBCOMPACT,1,3,M5,GS,7.1,147,665
2000,PONTIAC,FIREFLY,SUBCOMPACT,1.3,4,A3,DS,9.1,191,592
2000,PONTIAC,FIREFLY,SUBCOMPACT,1.3,4,M5,DS,7.6,156,729
2000,PONTIAC,GRAND AM,COMPACT,2.4,4,A4,DS,12.1,242,705
2000,PONTIAC,GRAND AM,COMPACT,2.4,4,M5,DP,12.5,244,556
2000,PONTIAC,GRAND AM,COMPACT,3.4,6,A4,GP,13.6,262,696
2000,PONTIAC,GRAND PRIX,MID-SIZE,3.1,6,A4,GP,13.1,255,637
2000,PONTIAC,GRAND PRIX,MID-SIZE,3.8,6,A4,GP,13.5,262,599
2000,PONTIAC,GRAND PRIX #,MID-SIZE,3.8,6,A4,GP,15,288,564
2000,PONTIAC,MONTANA,MINIVAN,3.4,6,A4,GP,14,281,624
2000,PONTIAC,SUNFIRE,SUBCOMPACT,2.2,4,A3,DS,11.8,242,669
2000,PONTIAC,SUNFIRE,SUBCOMPACT,2.2,4,A4,DS,11.6,232,725
2000,PONTIAC,SUNFIRE,SUBCOMPACT,2.2,4,M5,DP,12.2,235,695
2000,PONTIAC,SUNFIRE,SUBCOMPACT,2.4,4,A4,DS,12.5,248,612
2000,PONTIAC,SUNFIRE,SUBCOMPACT,2.4,4,M5,DP,12.1,235,763
2000,PORSCHE,911 CARRERA,MINICOMPACT,3.4,6,AS5,GP,16,308,637
2000,PORSCHE,911 CARRERA,MINICOMPACT,3.4,6,M6,GP,15.4,301,693
2000,PORSCHE,911 CARRERA 4,MINICOMPACT,3.4,6,AS5,GP,16,313,558
2000,PORSCHE,911 CARRERA 4,MINICOMPACT,3.4,6,M6,GP,15.7,311,765
2000,PORSCHE,BOXSTER,TWO-SEATER,2.7,6,AS5,GP,15.3,301,564
2000,PORSCHE,BOXSTER,TWO-SEATER,2.7,6,M5,GP,15,297,557
2000,PORSCHE,BOXSTER S,TWO-SEATER,3.2,6,AS5,GP,15.9,311,550
2000,PORSCHE,BOXSTER S,TWO-SEATER,3.2,6,M6,GP,15,294,556
2000,SAAB,9-3 TURBO,MID-SIZE,2,4,A4,DS,13.4,274,558
2000,SAAB,9-3 TURBO,MID-SIZE,2,4,M5,DP,12.9,255,627
2000,SAAB,9-3 TURBO,MID-SIZE,2.3,4,M5,GP,13.1,258,611
2000,SAAB,9-5 TURBO,FULL-SIZE,2.3,4,A4,GS,13.9,276,658
2000,SAAB,9-5 TURBO,FULL-SIZE,2.3,4,M5,GP,13.2,260,719
2000,SAAB,9-5 TURBO,FULL-SIZE,3,6,A4,GP,14.3,283,577
2000,SAAB,9-5 WAGON TURBO,STATION WAGON - MID-SIZE,2.3,4,A4,GP,13.9,276,727
2000,SAAB,9-5 WAGON TURBO,STATION WAGON - MID-SIZE,2.3,4,M5,GP,13.2,260,614
2000,SAAB,9-5 WAGON TURBO,STATION WAGON - MID-SIZE,3,6,A4,GP,14.3,283,757
2000,SATURN,LS,MID-SIZE,2.2,4,A4,DS,11.9,239,550
2000,SATURN,LS,MID-SIZE,2.2,4,M5,DP,12.2,235,555
2000,SATURN,LS,MID-SIZE,3,6,A4,DP,13.3,269,728
2000,SATURN,LW WAGON,STATION WAGON - MID-SIZE,2.2,4,A4,DS,12.1,244,554
2000,SATURN,LW WAGON,STATION WAGON - MID-SIZE,3,6,A4,DP,13.3,269,702
2000,SATURN,SC,SUBCOMPACT,1.9,4,A4,GS,10.1,200,668
2000,SATURN,SC,SUBCOMPACT,1.9,4,M5,GP,9.8,191,731
2000,SATURN,SC #,SUBCOMPACT,1.9,4,A4,GS,10.6,207,755
2000,SATURN,SC #,SUBCOMPACT,1.9,4,M5,GP,10.3,202,681
2000,SATURN,SL,COMPACT,1.9,4,A4,GS,10.1,198,597
2000,SATURN,SL,COMPACT,1.9,4,M5,GP,9.3,184,654
2000,SATURN,SL #,COMPACT,1.9,4,A4,DS,10.6,207,609
2000,SATURN,SL #,COMPACT,1.9,4,M5,DP,10.3,202,658
2000,SATURN,SW WAGON #,STATION WAGON - SMALL,1.9,4,A4,DS,10.6,207,637
2000,SATURN,SW WAGON #,STATION WAGON - SMALL,1.9,4,M5,DP,10.3,202,756
2000,SUBARU,FORESTER AWD,SUV,2.5,4,A4,GS,12.2,246,629
2000,SUBARU,FORESTER AWD,SUV,2.5,4,M5,GP,12.5,248,713
2000,SUBARU,IMPREZA AWD,SUBCOMPACT,2.2,4,A4,GP,11.7,239,675
2000,SUBARU,IMPREZA AWD,SUBCOMPACT,2.2,4,M5,GP,11.8,242,675
2000,SUBARU,IMPREZA AWD,SUBCOMPACT,2.5,4,A4,GP,11.8,244,738
2000,SUBARU,IMPREZA AWD,SUBCOMPACT,2.5,4,M5,GP,12.8,258,561
2000,SUBARU,IMPREZA WAGON AWD,STATION WAGON - SMALL,2.2,4,A4,GP,11.7,239,768
2000,SUBARU,IMPREZA WAGON AWD,STATION WAGON - SMALL,2.2,4,M5,GP,11.8,242,725
2000,SUBARU,LEGACY AWD,COMPACT,2.5,4,A4,GP,12.2,253,707
2000,SUBARU,LEGACY AWD,COMPACT,2.5,4,M5,GP,12.5,253,650
2000,SUBARU,LEGACY WAGON AWD,STATION WAGON - MID-SIZE,2.5,4,A4,GP,12.2,255,589
2000,SUBARU,LEGACY WAGON AWD,STATION WAGON - MID-SIZE,2.5,4,M5,GP,12.5,253,760
2000,SUZUKI,ESTEEM,SUBCOMPACT,1.6,4,A4,DS,9.9,205,596
2000,SUZUKI,ESTEEM,SUBCOMPACT,1.6,4,M5,DP,8.8,182,633
2000,SUZUKI,ESTEEM WAGON,STATION WAGON - SMALL,1.8,4,A4,DS,10.3,209,610
2000,SUZUKI,ESTEEM WAGON,STATION WAGON - SMALL,1.8,4,M5,DP,9.6,196,584
2000,SUZUKI,GRAND VITARA 4X4,SUV,2.5,6,A4,GS,14.2,304,663
2000,SUZUKI,GRAND VITARA 4X4,SUV,2.5,6,M5,GP,13.8,294,604
2000,SUZUKI,SWIFT,SUBCOMPACT,1.3,4,A3,DS,9.1,191,557
2000,SUZUKI,SWIFT,SUBCOMPACT,1.3,4,M5,DS,7.6,156,593
2000,SUZUKI,VITARA 4X4,SUV,2,4,A4,GS,11.7,251,693
2000,SUZUKI,VITARA 4X4,SUV,2,4,M5,GP,11.8,253,684
2000,SUZUKI,VITARA CONVERTIBLE 4X4,SUV,1.6,4,M5,DP,10.5,228,614
2000,SUZUKI,VITARA CONVERTIBLE 4X4,SUV,2,4,A4,GS,11.7,253,597
2000,SUZUKI,VITARA CONVERTIBLE 4X4,SUV,2,4,M5,GP,11.8,255,664
2000,TOYOTA,4RUNNER 4X4,SUV,2.7,4,A4,GP,14.2,301,666
2000,TOYOTA,4RUNNER 4X4,SUV,2.7,4,M5,GP,15.4,320,618
2000,TOYOTA,4RUNNER 4X4,SUV,3.4,6,A4,GP,15.7,334,554
2000,TOYOTA,4RUNNER 4X4,SUV,3.4,6,M5,GP,15.7,331,685
2000,TOYOTA,AVALON,FULL-SIZE,3,6,A4,GP,12.7,251,743
2000,TOYOTA,CAMRY,MID-SIZE,2.2,4,A4,DS,11.8,239,611
2000,TOYOTA,CAMRY,MID-SIZE,2.2,4,M5,DP,11.4,228,579
2000,TOYOTA,CAMRY,MID-SIZE,3,6,A4,GP,13.4,267,681
2000,TOYOTA,CAMRY SOLARA,COMPACT,2.2,4,A4,GS,11.8,239,555
2000,TOYOTA,CAMRY SOLARA,COMPACT,3,6,A4,DP,13.4,267,693
2000,TOYOTA,CAMRY SOLARA,COMPACT,3,6,M5,GP,12.7,253,736
2000,TOYOTA,CAMRY SOLARA CONVERTIBLE,SUBCOMPACT,3,6,A4,UNKNOWN,14,278,653
2000,TOYOTA,CELICA,SUBCOMPACT,1.8,4,A4,GS,10.1,205,581
2000,TOYOTA,CELICA,SUBCOMPACT,1.8,4,AS4,GS,11.6,237,719
2000,TOYOTA,CELICA,SUBCOMPACT,1.8,4,M5,GS,10,209,608
2000,TOYOTA,CELICA,SUBCOMPACT,1.8,4,M6,GS,11.6,230,593
2000,TOYOTA,COROLLA,COMPACT,1.8,4,A4,GS,9.3,189,610
2000,TOYOTA,COROLLA,COMPACT,1.8,4,M5,GS,8.7,179,766
2000,TOYOTA,ECHO,COMPACT,1.5,4,A4,GS,8.6,179,698
2000,TOYOTA,ECHO,COMPACT,1.5,4,M5,GS,8.2,173,724
2000,TOYOTA,RAV4,SUV,2,4,A4,DS,11.3,235,653
2000,TOYOTA,RAV4,SUV,2,4,M5,DS,11.2,232,732
2000,TOYOTA,RAV4 4X4,SUV,2,4,A4,DS,12.2,258,761
2000,TOYOTA,RAV4 4X4,SUV,2,4,M5,DS,12.1,258,614
2000,TOYOTA,RAV4 SOFT TOP,SUV,2,4,A4,DS,11.3,235,658
2000,TOYOTA,RAV4 SOFT TOP,SUV,2,4,M5,DS,11.2,232,665
2000,TOYOTA,RAV4 SOFT TOP 4X4,SUV,2,4,A4,DS,11.8,251,632
2000,TOYOTA,RAV4 SOFT TOP 4X4,SUV,2,4,M5,DS,11.9,253,766
2000,TOYOTA,SIENNA,MINIVAN,3,6,A4,GS,14.3,288,618
2000,TOYOTA,TACOMA,PICKUP TRUCK - STANDARD,2.4,4,A4,GS,12.6,267,639
2000,TOYOTA,TACOMA,PICKUP TRUCK - STANDARD,2.4,4,M5,GP,12.2,253,600
2000,TOYOTA,TACOMA,PICKUP TRUCK - STANDARD,2.7,4,A4,GS,14,301,688
2000,TOYOTA,TACOMA,PICKUP TRUCK - STANDARD,3.4,6,A4,GP,15.3,324,720
2000,TOYOTA,TACOMA 4X4,PICKUP TRUCK - STANDARD,2.7,4,A4,GS,14.2,301,654
2000,TOYOTA,TACOMA 4X4,PICKUP TRUCK - STANDARD,2.7,4,M5,GP,15.7,329,632
2000,TOYOTA,TACOMA 4X4,PICKUP TRUCK - STANDARD,3.4,6,A4,GP,15.2,324,733
2000,TOYOTA,TACOMA 4X4,PICKUP TRUCK - STANDARD,3.4,6,M5,GP,15.7,331,690
2000,TOYOTA,TUNDRA,PICKUP TRUCK - STANDARD,3.4,6,A4,GP,15.7,331,710
2000,TOYOTA,TUNDRA,PICKUP TRUCK - STANDARD,3.4,6,M5,GP,16,336,563
2000,TOYOTA,TUNDRA,PICKUP TRUCK - STANDARD,4.7,8,A4,GP,17.3,363,756
2000,TOYOTA,TUNDRA 4X4,PICKUP TRUCK - STANDARD,3.4,6,A4,GP,17.2,368,667
2000,TOYOTA,TUNDRA 4X4,PICKUP TRUCK - STANDARD,3.4,6,M5,GP,17.1,363,712
2000,TOYOTA,TUNDRA 4X4,PICKUP TRUCK - STANDARD,4.7,8,A4,GP,18.2,382,714
2000,VOLKSWAGEN,CABRIO,SUBCOMPACT,2,4,A4,DS,12.6,253,584
2000,VOLKSWAGEN,CABRIO,SUBCOMPACT,2,4,M5,DP,11.2,230,750
2000,VOLKSWAGEN,EUROVAN,MINIVAN,2.8,6,A4,GS,17.6,357,745
2000,VOLKSWAGEN,EUROVAN CAMPER,MINIVAN,2.8,6,A4,GS,18.6,375,576
2000,VOLKSWAGEN,GOLF,COMPACT,1.8,4,A4,GS,12.1,248,643
2000,VOLKSWAGEN,GOLF,COMPACT,1.8,4,M5,GP,11.1,225,633
2000,VOLKSWAGEN,GOLF,COMPACT,2,4,A4,GS,11.9,244,748
2000,VOLKSWAGEN,GOLF,COMPACT,2,4,M5,GP,11.2,228,561
2000,VOLKSWAGEN,GOLF TDI DIESEL,COMPACT,1.9,4,A4,DS,8.1,192,689
2000,VOLKSWAGEN,GOLF TDI DIESEL,COMPACT,1.9,4,M5,DP,6.7,165,742
2000,VOLKSWAGEN,GTI,COMPACT,1.8,4,M5,GP,11.1,225,765
2000,VOLKSWAGEN,GTI,COMPACT,2,4,A4,GS,11.9,244,754
2000,VOLKSWAGEN,GTI,COMPACT,2,4,M5,GP,11.2,228,631
2000,VOLKSWAGEN,GTI,COMPACT,2.8,6,M5,GP,13.2,260,735
2000,VOLKSWAGEN,JETTA,COMPACT,1.8,4,A4,GS,12.1,248,580
2000,VOLKSWAGEN,JETTA,COMPACT,1.8,4,M5,GP,11.1,225,709
2000,VOLKSWAGEN,JETTA,COMPACT,2,4,A4,GS,11.9,244,752
2000,VOLKSWAGEN,JETTA,COMPACT,2,4,M5,GP,11.2,228,601
2000,VOLKSWAGEN,JETTA,COMPACT,2.8,6,A4,DS,14.2,283,587
2000,VOLKSWAGEN,JETTA,COMPACT,2.8,6,M5,DP,13.6,267,696
2000,VOLKSWAGEN,JETTA TDI DIESEL,COMPACT,1.9,4,A4,DS,8.1,192,596
2000,VOLKSWAGEN,JETTA TDI DIESEL,COMPACT,1.9,4,M5,DS,6.7,165,571
2000,VOLKSWAGEN,NEW BEETLE,SUBCOMPACT,1.8,4,A4,DP,11.9,248,725
2000,VOLKSWAGEN,NEW BEETLE,SUBCOMPACT,1.8,4,M5,DP,10.6,223,701
2000,VOLKSWAGEN,NEW BEETLE,SUBCOMPACT,2,4,A4,DS,11.9,244,674
2000,VOLKSWAGEN,NEW BEETLE,SUBCOMPACT,2,4,M5,DP,11.2,228,673
2000,VOLKSWAGEN,NEW BEETLE TDI DIESEL,SUBCOMPACT,1.9,4,A4,DS,8.1,192,748
2000,VOLKSWAGEN,NEW BEETLE TDI DIESEL,SUBCOMPACT,1.9,4,M5,DP,6.7,165,716
2000,VOLKSWAGEN,PASSAT,MID-SIZE,1.8,4,A5,GP,13.2,258,724
2000,VOLKSWAGEN,PASSAT,MID-SIZE,1.8,4,M5,GP,11.2,225,602
2000,VOLKSWAGEN,PASSAT,MID-SIZE,2.8,6,A5,GP,14.7,288,559
2000,VOLKSWAGEN,PASSAT,MID-SIZE,2.8,6,M5,GP,13.4,262,616
2000,VOLKSWAGEN,PASSAT WAGON,STATION WAGON - MID-SIZE,1.8,4,A5,GP,13.2,258,582
2000,VOLKSWAGEN,PASSAT WAGON,STATION WAGON - MID-SIZE,1.8,4,M5,GP,11.2,225,709
2000,VOLKSWAGEN,PASSAT WAGON,STATION WAGON - MID-SIZE,2.8,6,A5,GP,14.7,288,555
2000,VOLKSWAGEN,PASSAT WAGON,STATION WAGON - MID-SIZE,2.8,6,M5,GP,13.4,262,664
2000,VOLVO,C70 CONVERTIBLE TURBO,SUBCOMPACT,2.3,5,A4,GS,14.2,285,673
2000,VOLVO,C70 CONVERTIBLE TURBO,SUBCOMPACT,2.3,5,M5,GS,13.4,269,704
2000,VOLVO,C70 CONVERTIBLE TURBO,SUBCOMPACT,2.4,5,A4,GS,13.9,278,632
2000,VOLVO,C70 TURBO,COMPACT,2.3,5,A4,GS,13.9,274,592
2000,VOLVO,C70 TURBO,COMPACT,2.3,5,M5,GS,13,260,715
2000,VOLVO,C70 TURBO,COMPACT,2.4,5,A4,GS,13.6,274,765
2000,VOLVO,S70,MID-SIZE,2.4,5,A5,GS,13.2,262,702
2000,VOLVO,S70,MID-SIZE,2.4,5,M5,GS,12.6,251,744
2000,VOLVO,S70 AWD TURBO,MID-SIZE,2.4,5,A4,GS,14.4,288,622
2000,VOLVO,S70 GLT TURBO,MID-SIZE,2.4,5,A4,GS,13.6,274,630
2000,VOLVO,S70 T5 TURBO,MID-SIZE,2.3,5,A4,GS,13.9,274,556
2000,VOLVO,S70 T5 TURBO,MID-SIZE,2.3,5,M5,GS,13,260,663
2000,VOLVO,S80 2.9,MID-SIZE,2.9,6,A4,GS,14.5,285,687
2000,VOLVO,S80 T-6,MID-SIZE,2.8,6,AS4,GS,15.1,297,670
2000,VOLVO,V70,STATION WAGON - MID-SIZE,2.4,5,A5,GS,13.2,262,759
2000,VOLVO,V70,STATION WAGON - MID-SIZE,2.4,5,M5,GS,12.6,251,571
2000,VOLVO,V70 AWD TURBO,STATION WAGON - MID-SIZE,2.4,5,A4,GS,14.4,288,765
2000,VOLVO,V70 GLT TURBO,STATION WAGON - MID-SIZE,2.4,5,A4,GS,13.6,274,553
2000,VOLVO,V70 T5 TURBO,STATION WAGON - MID-SIZE,2.3,5,A4,GS,13.9,274,709
2000,VOLVO,V70 T5 TURBO,STATION WAGON - MID-SIZE,2.3,5,M5,GS,13,260,677
2000,VOLVO,V70R AWD TURBO,STATION WAGON - MID-SIZE,2.4,5,A5,GS,14.7,299,758
