,MAKE,MODEL,VEHICLE CLASS,ENGINE SIZE,CYLINDERS,TRANSMISSION,FUEL,FUEL CONSUMPTION,COEMISSIONS ,MAXIMUM RANGE,FUEL TANK CAPACITY,FILL COST
328,HONDA,INSIGHT,SUBCOMPACT,1.0,3,M5,GS,4.9,104,582,28.518,34.2216
114,CHEVROLET,METRO,SUBCOMPACT,1.0,3,M5,GP,7.1,147,680,48.28,70.006
467,PONTIAC,FIREFLY,SUBCOMPACT,1.0,3,M5,GS,7.1,147,665,47.215,56.658
116,CHEVROLET,METRO,SUBCOMPACT,1.3,4,M5,DP,7.6,156,721,54.79599999999999,84.93379999999999
533,SUZUKI,SWIFT,SUBCOMPACT,1.3,4,M5,DS,7.6,156,593,45.068000000000005,58.58840000000001
469,PONTIAC,FIREFLY,SUBCOMPACT,1.3,4,M5,DS,7.6,156,729,55.403999999999996,72.0252
603,VOLKSWAGEN,JETTA TDI DIESEL,COMPACT,1.9,4,M5,DS,6.7,165,571,38.257000000000005,49.734100000000005
591,VOLKSWAGEN,GOLF TDI DIESEL,COMPACT,1.9,4,M5,DP,6.7,165,742,49.714000000000006,77.0567
609,VOLKSWAGEN,NEW BEETLE TDI DIESEL,SUBCOMPACT,1.9,4,M5,DP,6.7,165,716,47.972,74.3566
558,TOYOTA,ECHO,COMPACT,1.5,4,M5,GS,8.2,173,724,59.367999999999995,71.24159999999999
556,TOYOTA,COROLLA,COMPACT,1.8,4,M5,GS,8.7,179,766,66.642,79.9704
557,TOYOTA,ECHO,COMPACT,1.5,4,A4,GS,8.6,179,698,60.028,72.03359999999999
527,SUZUKI,ESTEEM,SUBCOMPACT,1.6,4,M5,DP,8.8,182,633,55.70400000000001,86.34120000000001
325,HONDA,CIVIC CX/DX/LX/EX,SUBCOMPACT,1.6,4,M5,DP,8.8,184,729,64.152,99.43560000000001
509,SATURN,SL,COMPACT,1.9,4,M5,GP,9.3,184,654,60.82200000000001,88.19190000000002
555,TOYOTA,COROLLA,COMPACT,1.8,4,A4,GS,9.3,189,610,56.73,68.076
468,PONTIAC,FIREFLY,SUBCOMPACT,1.3,4,A3,DS,9.1,191,592,53.872,70.0336
532,SUZUKI,SWIFT,SUBCOMPACT,1.3,4,A3,DS,9.1,191,557,50.687,65.8931
115,CHEVROLET,METRO,SUBCOMPACT,1.3,4,A3,GS,9.1,191,623,56.693000000000005,68.0316
505,SATURN,SC,SUBCOMPACT,1.9,4,M5,GP,9.8,191,731,71.638,103.8751
590,VOLKSWAGEN,GOLF TDI DIESEL,COMPACT,1.9,4,A4,DS,8.1,192,689,55.809,72.5517
602,VOLKSWAGEN,JETTA TDI DIESEL,COMPACT,1.9,4,A4,DS,8.1,192,596,48.275999999999996,62.7588
608,VOLKSWAGEN,NEW BEETLE TDI DIESEL,SUBCOMPACT,1.9,4,A4,DS,8.1,192,748,60.588,78.76440000000001
529,SUZUKI,ESTEEM WAGON,STATION WAGON - SMALL,1.8,4,M5,DP,9.6,196,584,56.06399999999999,86.8992
334,HYUNDAI,ACCENT,COMPACT,1.5,4,M5,GS,9.7,198,723,70.131,84.1572
145,CHRYSLER,NEON,COMPACT,2.0,4,M5,DP,9.6,198,584,56.06399999999999,86.8992
508,SATURN,SL,COMPACT,1.9,4,A4,GS,10.1,198,597,60.297,72.3564
504,SATURN,SC,SUBCOMPACT,1.9,4,A4,GS,10.1,200,668,67.468,80.9616
513,SATURN,SW WAGON #,STATION WAGON - SMALL,1.9,4,M5,DP,10.3,202,756,77.868,120.69539999999999
324,HONDA,CIVIC CX/DX/LX/EX,SUBCOMPACT,1.6,4,A4,DS,10.0,202,728,72.8,94.64
511,SATURN,SL #,COMPACT,1.9,4,M5,DP,10.3,202,658,67.774,105.0497
507,SATURN,SC #,SUBCOMPACT,1.9,4,M5,GP,10.3,202,681,70.143,101.70734999999999
526,SUZUKI,ESTEEM,SUBCOMPACT,1.6,4,A4,DS,9.9,205,596,59.004000000000005,76.7052
322,HONDA,CIVIC COUPE Si,SUBCOMPACT,1.6,4,M5,DP,9.8,205,577,56.54600000000001,87.64630000000001
551,TOYOTA,CELICA,SUBCOMPACT,1.8,4,A4,GS,10.1,205,581,58.681,70.4172
512,SATURN,SW WAGON #,STATION WAGON - SMALL,1.9,4,A4,DS,10.6,207,637,67.52199999999999,87.7786
510,SATURN,SL #,COMPACT,1.9,4,A4,DS,10.6,207,609,64.554,83.92020000000001
411,MAZDA,PROTEGE,COMPACT,1.6,4,M5,DP,9.8,207,616,60.368,93.5704
506,SATURN,SC #,SUBCOMPACT,1.9,4,A4,GS,10.6,207,755,80.03,96.036
333,HYUNDAI,ACCENT,COMPACT,1.5,4,A4,GS,10.5,209,673,70.665,84.798
553,TOYOTA,CELICA,SUBCOMPACT,1.8,4,M5,GS,10.0,209,608,60.8,72.96
528,SUZUKI,ESTEEM WAGON,STATION WAGON - SMALL,1.8,4,A4,DS,10.3,209,610,62.83,81.679
413,MAZDA,PROTEGE,COMPACT,1.8,4,M5,GP,10.2,212,770,78.53999999999999,113.88299999999998
228,FORD,ESCORT ZX2,COMPACT,2.0,4,A4,GS,10.6,216,721,76.42599999999999,91.71119999999998
253,FORD,FOCUS SEDAN,COMPACT,2.0,4,M5,GP,10.8,216,707,76.35600000000001,110.71620000000001
321,HONDA,CIVIC COUPE Si,SUBCOMPACT,1.6,4,A4,DS,10.5,216,639,67.095,87.2235
229,FORD,ESCORT ZX2,COMPACT,2.0,4,M5,DP,10.6,216,645,68.37,105.97350000000002
255,FORD,FOCUS WAGON,STATION WAGON - MID-SIZE,2.0,4,M5,DP,10.9,216,612,66.708,103.3974
395,MAZDA,626,MID-SIZE,2.0,4,M5,DP,10.6,219,597,63.282,98.08709999999999
216,FORD,COUGAR,COMPACT,2.0,4,M5,GP,11.1,219,763,84.693,122.80484999999999
254,FORD,FOCUS WAGON,STATION WAGON - MID-SIZE,2.0,4,A4,DS,10.6,219,651,69.006,89.7078
320,HONDA,ACCORD EX/LX,MID-SIZE,2.3,4,M5,GP,10.8,221,569,61.452000000000005,89.1054
410,MAZDA,PROTEGE,COMPACT,1.6,4,A4,DS,10.6,221,739,78.334,101.83420000000001
252,FORD,FOCUS SEDAN,COMPACT,2.0,4,A4,GS,10.8,221,559,60.37200000000001,72.44640000000001
10,AUDI,A4,COMPACT,1.8,4,M5,GS,11.1,223,585,64.935,77.922
144,CHRYSLER,NEON,COMPACT,2.0,4,A3,DS,10.9,223,634,69.10600000000001,89.83780000000002
323,HONDA,CIVIC COUPE SiR,SUBCOMPACT,1.6,4,M5,DP,10.9,223,686,74.774,115.89970000000001
336,HYUNDAI,ELANTRA,COMPACT,2.0,4,M5,GP,11.3,223,639,72.20700000000001,104.70015000000001
605,VOLKSWAGEN,NEW BEETLE,SUBCOMPACT,1.8,4,M5,DP,10.6,223,701,74.306,115.1743
587,VOLKSWAGEN,GOLF,COMPACT,1.8,4,M5,GP,11.1,225,633,70.263,101.88135
592,VOLKSWAGEN,GTI,COMPACT,1.8,4,M5,GP,11.1,225,765,84.915,123.12675
611,VOLKSWAGEN,PASSAT,MID-SIZE,1.8,4,M5,GP,11.2,225,602,67.42399999999999,97.76479999999998
615,VOLKSWAGEN,PASSAT WAGON,STATION WAGON - MID-SIZE,1.8,4,M5,GP,11.2,225,709,79.40799999999999,115.14159999999998
597,VOLKSWAGEN,JETTA,COMPACT,1.8,4,M5,GP,11.1,225,709,78.699,114.11354999999999
338,HYUNDAI,ELANTRA WAGON,STATION WAGON - SMALL,2.0,4,M5,GP,11.4,228,704,80.256,116.3712
130,CHEVROLET,TRACKER CONVERTIBLE 4X4,SUV,1.6,4,M5,GP,10.5,228,747,78.435,113.73075
342,HYUNDAI,TIBURON,SUBCOMPACT,2.0,4,M5,DP,11.4,228,606,69.084,107.0802
589,VOLKSWAGEN,GOLF,COMPACT,2.0,4,M5,GP,11.2,228,561,62.832,91.1064
594,VOLKSWAGEN,GTI,COMPACT,2.0,4,M5,GP,11.2,228,631,70.672,102.47439999999999
536,SUZUKI,VITARA CONVERTIBLE 4X4,SUV,1.6,4,M5,DP,10.5,228,614,64.47,99.9285
545,TOYOTA,CAMRY,MID-SIZE,2.2,4,M5,DP,11.4,228,579,66.006,102.30930000000001
607,VOLKSWAGEN,NEW BEETLE,SUBCOMPACT,2.0,4,M5,DP,11.2,228,673,75.37599999999999,116.83279999999999
599,VOLKSWAGEN,JETTA,COMPACT,2.0,4,M5,GP,11.2,228,601,67.312,97.60239999999999
583,VOLKSWAGEN,CABRIO,SUBCOMPACT,2.0,4,M5,DP,11.2,230,750,84.0,130.20000000000002
408,MAZDA,MX-5 MIATA,SUBCOMPACT,1.8,4,M5,GP,11.1,230,636,70.59599999999999,102.36419999999998
412,MAZDA,PROTEGE,COMPACT,1.8,4,A4,GS,11.2,230,553,61.93599999999999,74.32319999999999
554,TOYOTA,CELICA,SUBCOMPACT,1.8,4,M6,GS,11.6,230,593,68.788,82.5456
344,INFINITI,G20,COMPACT,2.0,4,M5,GP,11.4,230,647,73.758,106.94909999999999
478,PONTIAC,SUNFIRE,SUBCOMPACT,2.2,4,A4,DS,11.6,232,725,84.1,109.33
90,CHEVROLET,CAVALIER,SUBCOMPACT,2.2,4,A4,GS,11.6,232,742,86.07199999999999,103.28639999999999
560,TOYOTA,RAV4,SUV,2.0,4,M5,DS,11.2,232,732,81.984,106.5792
564,TOYOTA,RAV4 SOFT TOP,SUV,2.0,4,M5,DS,11.2,232,665,74.47999999999999,96.82399999999998
373,KIA,SEPHIA,COMPACT,1.8,4,A4,GS,11.7,235,605,70.785,84.942
318,HONDA,ACCORD DX,MID-SIZE,2.3,4,M5,GP,11.5,235,622,71.53,103.71849999999999
563,TOYOTA,RAV4 SOFT TOP,SUV,2.0,4,A4,DS,11.3,235,658,74.354,96.6602
500,SATURN,LS,MID-SIZE,2.2,4,M5,DP,12.2,235,555,67.71,104.95049999999999
479,PONTIAC,SUNFIRE,SUBCOMPACT,2.2,4,M5,DP,12.2,235,695,84.79,131.42450000000002
437,NISSAN,ALTIMA,COMPACT,2.4,4,M5,DP,11.6,235,691,80.15599999999999,124.2418
559,TOYOTA,RAV4,SUV,2.0,4,A4,DS,11.3,235,653,73.789,95.9257
91,CHEVROLET,CAVALIER,SUBCOMPACT,2.2,4,M5,GS,12.2,235,676,82.472,98.9664
481,PONTIAC,SUNFIRE,SUBCOMPACT,2.4,4,M5,DP,12.1,235,763,92.323,143.10065
343,INFINITI,G20,COMPACT,2.0,4,A4,GS,11.6,235,577,66.932,80.3184
93,CHEVROLET,CAVALIER,SUBCOMPACT,2.4,4,M5,GS,12.1,235,720,87.12,104.544
319,HONDA,ACCORD EX/LX,MID-SIZE,2.3,4,A4,GS,11.8,237,761,89.79800000000002,107.75760000000001
374,KIA,SEPHIA,COMPACT,1.8,4,M5,GP,11.2,237,758,84.896,123.0992
552,TOYOTA,CELICA,SUBCOMPACT,1.8,4,AS4,GS,11.6,237,719,83.404,100.08479999999999
499,SATURN,LS,MID-SIZE,2.2,4,A4,DS,11.9,239,550,65.45,85.08500000000001
544,TOYOTA,CAMRY,MID-SIZE,2.2,4,A4,DS,11.8,239,611,72.098,93.7274
409,MAZDA,MX-5 MIATA,SUBCOMPACT,1.8,4,M6,GP,11.5,239,658,75.67,109.7215
520,SUBARU,IMPREZA WAGON AWD,STATION WAGON - SMALL,2.2,4,A4,GP,11.7,239,768,89.85599999999998,130.29119999999998
516,SUBARU,IMPREZA AWD,SUBCOMPACT,2.2,4,A4,GP,11.7,239,675,78.975,114.51374999999999
547,TOYOTA,CAMRY SOLARA,COMPACT,2.2,4,A4,GS,11.8,239,555,65.49,78.588
517,SUBARU,IMPREZA AWD,SUBCOMPACT,2.2,4,M5,GP,11.8,242,675,79.65,115.4925
521,SUBARU,IMPREZA WAGON AWD,STATION WAGON - SMALL,2.2,4,M5,GP,11.8,242,725,85.55,124.04749999999999
470,PONTIAC,GRAND AM,COMPACT,2.4,4,A4,DS,12.1,242,705,85.305,110.89650000000002
335,HYUNDAI,ELANTRA,COMPACT,2.0,4,A4,GS,12.2,242,565,68.93,82.71600000000001
455,OLDSMOBILE,ALERO,COMPACT,2.4,4,A4,GS,12.1,242,570,68.97,82.764
477,PONTIAC,SUNFIRE,SUBCOMPACT,2.2,4,A3,DS,11.8,242,669,78.94200000000001,102.62460000000002
94,CHEVROLET,CAVALIER BIFUEL,SUBCOMPACT,2.2,4,A3,GS,11.8,242,656,77.408,92.8896
434,MERCEDES-BENZ,SLK 230 KOMPRESSOR #,SUBCOMPACT,2.3,4,A5,GS,12.0,242,763,91.56,109.872
341,HYUNDAI,TIBURON,SUBCOMPACT,2.0,4,A4,DS,12.2,244,657,80.154,104.2002
471,PONTIAC,GRAND AM,COMPACT,2.4,4,M5,DP,12.5,244,556,69.5,107.72500000000001
593,VOLKSWAGEN,GTI,COMPACT,2.0,4,A4,GS,11.9,244,754,89.726,107.6712
518,SUBARU,IMPREZA AWD,SUBCOMPACT,2.5,4,A4,GP,11.8,244,738,87.084,126.2718
407,MAZDA,MX-5 MIATA,SUBCOMPACT,1.8,4,A4,GS,11.9,244,712,84.72800000000001,101.67360000000001
588,VOLKSWAGEN,GOLF,COMPACT,2.0,4,A4,GS,11.9,244,748,89.012,106.81439999999999
456,OLDSMOBILE,ALERO,COMPACT,2.4,4,M5,GP,12.5,244,574,71.75,104.0375
606,VOLKSWAGEN,NEW BEETLE,SUBCOMPACT,2.0,4,A4,DS,11.9,244,674,80.206,104.26780000000001
502,SATURN,LW WAGON,STATION WAGON - MID-SIZE,2.2,4,A4,DS,12.1,244,554,67.03399999999999,87.1442
598,VOLKSWAGEN,JETTA,COMPACT,2.0,4,A4,GS,11.9,244,752,89.48800000000001,107.38560000000001
29,AUDI,TT ROADSTER,TWO-SEATER,1.8,4,M5,GP,12.3,246,642,78.96600000000001,114.50070000000001
348,ISUZU,HOMBRE,PICKUP TRUCK - SMALL,2.2,4,M5,DP,12.2,246,566,69.05199999999999,107.03059999999999
514,SUBARU,FORESTER AWD,SUV,2.5,4,A4,GS,12.2,246,629,76.738,92.0856
14,AUDI,A4 QUATTRO,COMPACT,1.8,4,M5,GP,12.1,246,622,75.262,109.12989999999999
435,MERCEDES-BENZ,SLK 230 KOMPRESSOR #,SUBCOMPACT,2.3,4,M5,GS,12.6,246,637,80.262,96.31439999999999
123,CHEVROLET,S10,PICKUP TRUCK - SMALL,2.2,4,M5,GP,12.2,246,681,83.082,120.46889999999999
311,GMC,SONOMA,PICKUP TRUCK - SMALL,2.2,4,M5,GP,12.2,246,617,75.274,109.1473
317,HONDA,ACCORD DX,MID-SIZE,2.3,4,A4,GS,12.2,246,725,88.45,106.14
586,VOLKSWAGEN,GOLF,COMPACT,1.8,4,A4,GS,12.1,248,643,77.803,93.36359999999999
596,VOLKSWAGEN,JETTA,COMPACT,1.8,4,A4,GS,12.1,248,580,70.18,84.21600000000001
515,SUBARU,FORESTER AWD,SUV,2.5,4,M5,GP,12.5,248,713,89.125,129.23125
604,VOLKSWAGEN,NEW BEETLE,SUBCOMPACT,1.8,4,A4,DP,11.9,248,725,86.275,133.72625000000002
480,PONTIAC,SUNFIRE,SUBCOMPACT,2.4,4,A4,DS,12.5,248,612,76.5,99.45
92,CHEVROLET,CAVALIER,SUBCOMPACT,2.4,4,A4,GS,12.5,248,765,95.625,114.75
337,HYUNDAI,ELANTRA WAGON,STATION WAGON - SMALL,2.0,4,A4,GS,12.5,248,669,83.625,100.35
543,TOYOTA,AVALON,FULL-SIZE,3.0,6,A4,GP,12.7,251,743,94.361,136.82345
331,HONDA,PRELUDE,SUBCOMPACT,2.2,4,M5,GP,12.0,251,683,81.96,118.84199999999998
565,TOYOTA,RAV4 SOFT TOP 4X4,SUV,2.0,4,A4,DS,11.8,251,632,74.57600000000001,96.94880000000002
414,MERCEDES-BENZ,C 230 KOMPRESSOR #,COMPACT,2.3,4,A5,GP,12.5,251,618,77.25,112.0125
625,VOLVO,S70,MID-SIZE,2.4,5,M5,GS,12.6,251,744,93.744,112.4928
534,SUZUKI,VITARA 4X4,SUV,2.0,4,A4,GS,11.7,251,693,81.08099999999999,97.29719999999999
633,VOLVO,V70,STATION WAGON - MID-SIZE,2.4,5,M5,GS,12.6,251,571,71.946,86.3352
9,AUDI,A4,COMPACT,1.8,4,A5,GS,12.9,251,621,80.10900000000001,96.13080000000001
131,CHEVROLET,TRACKER CONVERTIBLE 4X4,SUV,2.0,4,A4,GS,11.7,251,738,86.346,103.6152
128,CHEVROLET,TRACKER 4X4,SUV,2.0,4,A4,DS,11.7,251,655,76.63499999999999,99.62549999999999
522,SUBARU,LEGACY AWD,COMPACT,2.5,4,A4,GP,12.2,253,707,86.25399999999999,125.06829999999998
569,TOYOTA,TACOMA,PICKUP TRUCK - STANDARD,2.4,4,M5,GP,12.2,253,600,73.2,106.14
421,MERCEDES-BENZ,E 320,MID-SIZE,3.2,6,A5,GP,12.9,253,744,95.976,139.1652
582,VOLKSWAGEN,CABRIO,SUBCOMPACT,2.0,4,A4,DS,12.6,253,584,73.584,95.65920000000001
523,SUBARU,LEGACY AWD,COMPACT,2.5,4,M5,GP,12.5,253,650,81.25,117.8125
525,SUBARU,LEGACY WAGON AWD,STATION WAGON - MID-SIZE,2.5,4,M5,GP,12.5,253,760,95.0,137.75
446,NISSAN,MAXIMA,MID-SIZE,3.0,6,M5,DP,12.3,253,761,93.60300000000001,145.08465
549,TOYOTA,CAMRY SOLARA,COMPACT,3.0,6,M5,GP,12.7,253,736,93.472,135.53439999999998
535,SUZUKI,VITARA 4X4,SUV,2.0,4,M5,GP,11.8,253,684,80.712,117.0324
537,SUZUKI,VITARA CONVERTIBLE 4X4,SUV,2.0,4,A4,GS,11.7,253,597,69.84899999999999,83.81879999999998
566,TOYOTA,RAV4 SOFT TOP 4X4,SUV,2.0,4,M5,DS,11.9,253,766,91.154,118.50019999999999
60,BUICK,CENTURY,MID-SIZE,3.1,6,A4,GS,13.1,255,678,88.818,106.5816
132,CHEVROLET,TRACKER CONVERTIBLE 4X4,SUV,2.0,4,M5,DP,11.9,255,550,65.45,101.4475
524,SUBARU,LEGACY WAGON AWD,STATION WAGON - MID-SIZE,2.5,4,A4,GP,12.2,255,589,71.85799999999999,104.19409999999998
491,SAAB,9-3 TURBO,MID-SIZE,2.0,4,M5,DP,12.9,255,627,80.883,125.36865
473,PONTIAC,GRAND PRIX,MID-SIZE,3.1,6,A4,GP,13.1,255,637,83.44699999999999,120.99814999999998
113,CHEVROLET,MALIBU,MID-SIZE,3.1,6,A4,DS,13.1,255,572,74.932,97.4116
439,NISSAN,FRONTIER,PICKUP TRUCK - STANDARD,2.4,4,M5,DP,12.1,255,686,83.006,128.6593
417,MERCEDES-BENZ,CLK 320,SUBCOMPACT,3.2,6,A5,GP,12.9,255,605,78.045,113.16525
129,CHEVROLET,TRACKER 4X4,SUV,2.0,4,M5,DP,11.9,255,659,78.421,121.55255000000001
538,SUZUKI,VITARA CONVERTIBLE 4X4,SUV,2.0,4,M5,GP,11.8,255,664,78.352,113.6104
614,VOLKSWAGEN,PASSAT WAGON,STATION WAGON - MID-SIZE,1.8,4,A5,GP,13.2,258,582,76.824,111.39479999999999
42,BMW,528i,COMPACT,2.8,6,M5,GP,13.0,258,758,98.54,142.883
561,TOYOTA,RAV4 4X4,SUV,2.0,4,A4,DS,12.2,258,761,92.84199999999998,120.69459999999998
610,VOLKSWAGEN,PASSAT,MID-SIZE,1.8,4,A5,GP,13.2,258,724,95.568,138.5736
36,BMW,323i,COMPACT,2.5,6,M5,DP,13.0,258,621,80.73,125.13150000000002
140,CHRYSLER,INTREPID,FULL-SIZE,2.7,6,AS4,GP,13.2,258,606,79.992,115.9884
38,BMW,328Ci,COMPACT,2.8,6,M5,DP,13.0,258,767,99.71,154.5505
562,TOYOTA,RAV4 4X4,SUV,2.0,4,M5,DS,12.1,258,614,74.294,96.5822
34,BMW,323Ci,COMPACT,2.5,6,M5,GP,13.0,258,685,89.05,129.1225
492,SAAB,9-3 TURBO,MID-SIZE,2.3,4,M5,GP,13.1,258,611,80.041,116.05945
394,MAZDA,626,MID-SIZE,2.0,4,A4,GS,12.7,258,669,84.963,101.95559999999999
415,MERCEDES-BENZ,C 280,COMPACT,2.8,6,A5,GP,12.7,258,590,74.93,108.64850000000001
436,NISSAN,ALTIMA,COMPACT,2.4,4,A4,GS,12.8,258,660,84.48,101.376
519,SUBARU,IMPREZA AWD,SUBCOMPACT,2.5,4,M5,GP,12.8,258,561,71.808,104.1216
40,BMW,328i,COMPACT,2.8,6,M5,DP,13.0,258,637,82.81,128.3555
30,AUDI,TT ROADSTER QUATTRO (SUPERCHARGED),TWO-SEATER,1.8,4,M6,GP,13.1,260,555,72.705,105.42224999999999
28,AUDI,TT COUPE QUATTRO (SUPERCHARGED),MINICOMPACT,1.8,4,M6,GP,13.1,260,736,96.416,139.8032
218,FORD,COUGAR,COMPACT,2.5,6,M5,DP,13.3,260,704,93.632,145.1296
497,SAAB,9-5 WAGON TURBO,STATION WAGON - MID-SIZE,2.3,4,M5,GP,13.2,260,614,81.04799999999999,117.51959999999998
494,SAAB,9-5 TURBO,FULL-SIZE,2.3,4,M5,GP,13.2,260,719,94.90799999999999,137.61659999999998
316,HONDA,ACCORD,MID-SIZE,3.0,6,A4,GP,13.0,260,726,94.38,136.851
139,CHRYSLER,INTREPID,FULL-SIZE,2.7,6,A4,GS,13.2,260,716,94.51199999999999,113.41439999999999
137,CHRYSLER,CONCORDE,FULL-SIZE,2.7,6,A4,GS,13.2,260,629,83.02799999999999,99.63359999999999
637,VOLVO,V70 T5 TURBO,STATION WAGON - MID-SIZE,2.3,5,M5,GS,13.0,260,677,88.01,105.61200000000001
330,HONDA,PRELUDE,SUBCOMPACT,2.2,4,AS4,GP,12.7,260,761,96.64699999999999,140.13815
339,HYUNDAI,SONATA 2.4L,MID-SIZE,2.4,4,A4,DS,13.0,260,611,79.43,103.25900000000001
111,CHEVROLET,LUMINA/MONTE CARLO,MID-SIZE,3.4,6,A4,DS,13.6,260,727,98.87199999999999,128.53359999999998
217,FORD,COUGAR,COMPACT,2.5,6,A4,DS,13.1,260,769,100.73899999999999,130.9607
595,VOLKSWAGEN,GTI,COMPACT,2.8,6,M5,GP,13.2,260,735,97.02,140.679
103,CHEVROLET,IMPALA,FULL-SIZE,3.4,6,A4,GS,13.6,260,735,99.96,119.95199999999998
629,VOLVO,S70 T5 TURBO,MID-SIZE,2.3,5,M5,GS,13.0,260,663,86.19,103.428
12,AUDI,A4,COMPACT,2.8,6,M5,GP,13.2,260,555,73.26,106.227
622,VOLVO,C70 TURBO,COMPACT,2.3,5,M5,GS,13.0,260,715,92.95,111.54
27,AUDI,TT COUPE QUATTRO,MINICOMPACT,1.8,4,M5,GP,13.1,260,637,83.44699999999999,120.99814999999998
112,CHEVROLET,LUMINA/MONTE CARLO,MID-SIZE,3.8,6,A4,DS,13.5,262,678,91.53,118.989
617,VOLKSWAGEN,PASSAT WAGON,STATION WAGON - MID-SIZE,2.8,6,M5,GP,13.4,262,664,88.976,129.0152
457,OLDSMOBILE,ALERO,COMPACT,3.4,6,A4,GP,13.6,262,668,90.848,131.7296
340,HYUNDAI,SONATA 2.5L,MID-SIZE,2.5,6,A4,DS,13.2,262,697,92.00399999999999,119.6052
64,BUICK,REGAL,MID-SIZE,3.8,6,A4,GS,13.5,262,617,83.295,99.954
624,VOLVO,S70,MID-SIZE,2.4,5,A5,GS,13.2,262,702,92.664,111.1968
104,CHEVROLET,IMPALA,FULL-SIZE,3.8,6,A4,GS,13.5,262,763,103.005,123.606
87,CHEVROLET,CAMARO,SUBCOMPACT,3.8,6,M5,GP,13.7,262,563,77.131,111.83995
422,MERCEDES-BENZ,E 320 4MATIC,MID-SIZE,3.2,6,A5,GP,13.1,262,690,90.39,131.0655
613,VOLKSWAGEN,PASSAT,MID-SIZE,2.8,6,M5,GP,13.4,262,616,82.544,119.68879999999999
632,VOLVO,V70,STATION WAGON - MID-SIZE,2.4,5,A5,GS,13.2,262,759,100.18799999999999,120.22559999999999
474,PONTIAC,GRAND PRIX,MID-SIZE,3.8,6,A4,GP,13.5,262,599,80.865,117.25424999999998
472,PONTIAC,GRAND AM,COMPACT,3.4,6,A4,GP,13.6,262,696,94.656,137.2512
445,NISSAN,MAXIMA,MID-SIZE,3.0,6,A4,DP,13.4,265,767,102.778,159.3059
135,CHRYSLER,CIRRUS,MID-SIZE,2.4,4,A4,GS,13.4,265,700,93.8,112.55999999999999
271,FORD,TAURUS #,MID-SIZE,3.0,6,A4,GS,13.5,265,750,101.25,121.5
464,PONTIAC,FIREBIRD/FORMULA,SUBCOMPACT,3.8,6,M5,GP,13.8,265,609,84.042,121.8609
345,INFINITI,I30,MID-SIZE,3.0,6,A4,GP,13.4,265,754,101.036,146.5022
61,BUICK,LESABRE,FULL-SIZE,3.8,6,A4,GS,13.8,265,594,81.97200000000001,98.36640000000001
601,VOLKSWAGEN,JETTA,COMPACT,2.8,6,M5,DP,13.6,267,696,94.656,146.7168
257,FORD,MUSTANG,SUBCOMPACT,3.8,6,A4,GS,13.4,267,550,73.7,88.44
148,CHRYSLER,SEBRING,COMPACT,2.5,6,A4,GS,13.5,267,646,87.21,104.65199999999999
548,TOYOTA,CAMRY SOLARA,COMPACT,3.0,6,A4,DP,13.4,267,693,92.86200000000001,143.9361
56,BMW,Z3,SUBCOMPACT,2.5,6,M5,DP,13.4,267,582,77.988,120.8814
270,FORD,TAURUS,MID-SIZE,3.0,6,A4,GS,13.6,267,748,101.728,122.07359999999998
13,AUDI,A4 QUATTRO,COMPACT,1.8,4,A5,GS,13.6,267,752,102.27199999999999,122.72639999999998
258,FORD,MUSTANG,SUBCOMPACT,3.8,6,M5,GP,13.6,267,750,102.0,147.9
546,TOYOTA,CAMRY,MID-SIZE,3.0,6,A4,GP,13.4,267,681,91.25399999999999,132.3183
327,HONDA,CR-V,SUV,2.0,4,M5,DP,12.5,267,614,76.75,118.9625
424,MERCEDES-BENZ,E 320 WAGON,STATION WAGON - MID-SIZE,3.2,6,A5,GP,13.2,267,651,85.93199999999999,124.60139999999998
326,HONDA,CR-V,SUV,2.0,4,A4,DS,12.5,267,635,79.375,103.1875
568,TOYOTA,TACOMA,PICKUP TRUCK - STANDARD,2.4,4,A4,GS,12.6,267,639,80.514,96.6168
136,CHRYSLER,CIRRUS,MID-SIZE,2.5,6,A4,DS,13.6,269,580,78.88,102.544
418,MERCEDES-BENZ,CLK 320 CABRIOLET,MINICOMPACT,3.2,6,A5,GP,13.6,269,647,87.99199999999999,127.58839999999998
332,HONDA,S2000,SUBCOMPACT,2.0,4,M6,GP,13.1,269,739,96.809,140.37304999999998
619,VOLVO,C70 CONVERTIBLE TURBO,SUBCOMPACT,2.3,5,M5,GS,13.4,269,704,94.336,113.2032
463,PONTIAC,FIREBIRD/FORMULA,SUBCOMPACT,3.8,6,A4,GP,13.9,269,754,104.806,151.96869999999998
86,CHEVROLET,CAMARO,SUBCOMPACT,3.8,6,A4,GS,13.9,269,590,82.01,98.412
149,CHRYSLER,SEBRING CONVERTIBLE,COMPACT,2.5,6,A4,GS,13.6,269,707,96.15199999999999,115.38239999999998
501,SATURN,LS,MID-SIZE,3.0,6,A4,DP,13.3,269,728,96.824,150.0772
147,CHRYSLER,PT CRUISER,SUBCOMPACT,2.4,4,M5,GP,13.2,269,566,74.712,108.3324
503,SATURN,LW WAGON,STATION WAGON - MID-SIZE,3.0,6,A4,DP,13.3,269,702,93.366,144.7173
35,BMW,323i,COMPACT,2.5,6,A5,GS,13.8,271,580,80.04,96.048
405,MAZDA,MILLENIA #,COMPACT,2.3,6,A4,GS,13.7,271,707,96.859,116.23079999999999
397,MAZDA,626,MID-SIZE,2.5,6,M5,DP,13.3,271,657,87.381,135.44055
33,BMW,323Ci,COMPACT,2.5,6,A5,GS,13.8,271,712,98.256,117.90719999999999
628,VOLVO,S70 T5 TURBO,MID-SIZE,2.3,5,A4,GS,13.9,274,556,77.284,92.74080000000001
141,CHRYSLER,INTREPID,FULL-SIZE,3.2,6,AS4,GP,14.2,274,676,95.99199999999999,139.18839999999997
37,BMW,328Ci,COMPACT,2.8,6,A5,DS,13.9,274,765,106.335,138.2355
423,MERCEDES-BENZ,E 320 4MATIC WAGON,STATION WAGON - MID-SIZE,3.2,6,A5,GP,13.5,274,647,87.345,126.65025
490,SAAB,9-3 TURBO,MID-SIZE,2.0,4,A4,DS,13.4,274,558,74.77199999999999,97.2036
635,VOLVO,V70 GLT TURBO,STATION WAGON - MID-SIZE,2.4,5,A4,GS,13.6,274,553,75.208,90.2496
39,BMW,328i,COMPACT,2.8,6,A5,DS,13.9,274,634,88.126,114.56380000000001
621,VOLVO,C70 TURBO,COMPACT,2.3,5,A4,GS,13.9,274,592,82.28800000000001,98.74560000000001
636,VOLVO,V70 T5 TURBO,STATION WAGON - MID-SIZE,2.3,5,A4,GS,13.9,274,709,98.551,118.2612
627,VOLVO,S70 GLT TURBO,MID-SIZE,2.4,5,A4,GS,13.6,274,630,85.68,102.816
623,VOLVO,C70 TURBO,COMPACT,2.4,5,A4,GS,13.6,274,765,104.04,124.848
62,BUICK,PARK AVENUE,FULL-SIZE,3.8,6,A4,GS,14.4,276,751,108.14399999999999,129.7728
461,PONTIAC,BONNEVILLE,FULL-SIZE,3.8,6,A4,GP,14.4,276,643,92.59200000000001,134.25840000000002
493,SAAB,9-5 TURBO,FULL-SIZE,2.3,4,A4,GS,13.9,276,658,91.462,109.7544
496,SAAB,9-5 WAGON TURBO,STATION WAGON - MID-SIZE,2.3,4,A4,GP,13.9,276,727,101.05300000000001,146.52685000000002
138,CHRYSLER,CONCORDE,FULL-SIZE,3.2,6,A4,GS,14.2,276,722,102.524,123.02879999999999
146,CHRYSLER,PT CRUISER,SUBCOMPACT,2.4,4,A4,GS,13.4,276,589,78.926,94.7112
273,FORD,TAURUS WAGON #,STATION WAGON - MID-SIZE,3.0,6,A4,GS,14.0,276,704,98.56,118.27199999999999
381,LEXUS,ES 300,COMPACT,3.0,6,A4,GP,13.8,276,631,87.07800000000002,126.26310000000002
404,MAZDA,MILLENIA,COMPACT,2.5,6,A4,GS,13.8,276,578,79.76400000000001,95.7168
96,CHEVROLET,CORVETTE,SUBCOMPACT,5.7,8,M6,GS,14.4,278,724,104.256,125.10719999999999
310,GMC,SONOMA,PICKUP TRUCK - SMALL,2.2,4,A4,GP,13.8,278,758,104.604,151.67579999999998
347,ISUZU,HOMBRE,PICKUP TRUCK - SMALL,2.2,4,A4,DP,13.8,278,670,92.46,143.313
55,BMW,Z3,SUBCOMPACT,2.5,6,A4,GS,14.0,278,663,92.82,111.38399999999999
122,CHEVROLET,S10,PICKUP TRUCK - SMALL,2.2,4,A4,GS,13.8,278,659,90.94200000000001,109.13040000000001
620,VOLVO,C70 CONVERTIBLE TURBO,SUBCOMPACT,2.4,5,A4,GS,13.9,278,632,87.84800000000001,105.41760000000001
396,MAZDA,626,MID-SIZE,2.5,6,A4,DP,13.7,278,718,98.366,152.4673
550,TOYOTA,CAMRY SOLARA CONVERTIBLE,SUBCOMPACT,3.0,6,A4,GS,14.0,278,653,91.42,109.704
58,BMW,Z3,SUBCOMPACT,2.8,6,M5,DP,13.9,278,556,77.284,119.79020000000001
57,BMW,Z3,SUBCOMPACT,2.8,6,A4,GS,13.9,278,577,80.203,96.2436
272,FORD,TAURUS WAGON,STATION WAGON - MID-SIZE,3.0,6,A4,GS,14.2,278,764,108.488,130.1856
133,CHEVROLET,VENTURE,MINIVAN,3.4,6,A4,GS,14.0,281,661,92.54,111.048
51,BMW,M COUPE,TWO-SEATER,3.2,6,M5,GP,13.9,281,572,79.508,115.28659999999999
476,PONTIAC,MONTANA,MINIVAN,3.4,6,A4,GP,14.0,281,624,87.36,126.672
32,BMW,323 CONVERTIBLE,COMPACT,2.5,6,M5,GP,13.9,281,669,92.991,134.83695
459,OLDSMOBILE,SILHOUETTE,MINIVAN,3.4,6,A4,GP,14.0,281,685,95.9,139.055
382,LEXUS,GS 300,MID-SIZE,3.0,6,A5,GP,13.7,281,613,83.98100000000001,121.77245
52,BMW,M ROADSTER,MINICOMPACT,3.2,6,M5,GP,13.9,281,733,101.887,147.73615
438,NISSAN,FRONTIER,PICKUP TRUCK - STANDARD,2.4,4,A4,DP,13.5,283,675,91.125,141.24375
600,VOLKSWAGEN,JETTA,COMPACT,2.8,6,A4,DS,14.2,283,587,83.354,108.3602
495,SAAB,9-5 TURBO,FULL-SIZE,3.0,6,A4,GP,14.3,283,577,82.51100000000001,119.64095
498,SAAB,9-5 WAGON TURBO,STATION WAGON - MID-SIZE,3.0,6,A4,GP,14.3,283,757,108.251,156.96395
458,OLDSMOBILE,INTRIGUE,MID-SIZE,3.5,6,A4,GP,14.7,283,734,107.898,156.4521
167,DODGE,CARAVAN FFV,MINIVAN,3.3,6,A4,DS,20.6,283,714,147.084,191.2092
188,DODGE,GRAND CARAVAN FFV,MINIVAN,3.3,6,A4,GP,20.6,283,624,128.544,186.3888
142,CHRYSLER,INTREPID,FULL-SIZE,3.5,6,AS4,GP,14.4,283,758,109.152,158.2704
134,CHRYSLER,300M,FULL-SIZE,3.5,6,AS4,GP,14.4,283,622,89.56800000000001,129.8736
618,VOLVO,C70 CONVERTIBLE TURBO,SUBCOMPACT,2.3,5,A4,GS,14.2,285,673,95.566,114.6792
44,BMW,528i TOURING,STATION WAGON - SMALL,2.8,6,M5,DP,14.5,285,665,96.425,149.45875
11,AUDI,A4,COMPACT,2.8,6,A5,GS,14.6,285,561,81.90599999999999,98.28719999999998
89,CHEVROLET,CAMARO,SUBCOMPACT,5.7,8,M6,GS,14.7,285,617,90.699,108.83879999999999
630,VOLVO,S80 2.9,MID-SIZE,2.9,6,A4,GS,14.5,285,687,99.615,119.53799999999998
384,LEXUS,LS 400,MID-SIZE,4.0,8,A5,GP,14.3,285,648,92.664,134.3628
376,KIA,SPORTAGE 4X4,SUV,2.0,4,M5,GP,12.8,288,652,83.456,121.0112
626,VOLVO,S70 AWD TURBO,MID-SIZE,2.4,5,A4,GS,14.4,288,622,89.56800000000001,107.48160000000001
475,PONTIAC,GRAND PRIX #,MID-SIZE,3.8,6,A4,GP,15.0,288,564,84.6,122.66999999999999
634,VOLVO,V70 AWD TURBO,STATION WAGON - MID-SIZE,2.4,5,A4,GS,14.4,288,765,110.16,132.19199999999998
612,VOLKSWAGEN,PASSAT,MID-SIZE,2.8,6,A5,GP,14.7,288,559,82.17299999999999,119.15084999999998
43,BMW,528i TOURING,STATION WAGON - SMALL,2.8,6,A4,DS,14.6,288,584,85.264,110.8432
182,DODGE,GRAND CARAVAN,MINIVAN,3.3,6,A4,GS,14.5,288,635,92.075,110.49
143,CHRYSLER,LHS,FULL-SIZE,3.5,6,A4,DS,14.7,288,587,86.289,112.1757
567,TOYOTA,SIENNA,MINIVAN,3.0,6,A4,GS,14.3,288,618,88.374,106.04879999999999
166,DODGE,CARAVAN FFV,MINIVAN,3.3,6,A4,DS,14.5,288,640,92.8,120.64
16,AUDI,A4 QUATTRO,COMPACT,2.8,6,M5,GP,14.3,288,551,78.793,114.24985000000001
616,VOLKSWAGEN,PASSAT WAGON,STATION WAGON - MID-SIZE,2.8,6,A5,GP,14.7,288,555,81.585,118.29824999999998
164,DODGE,CARAVAN,MINIVAN,3.3,6,A4,DS,14.5,288,741,107.445,139.67849999999999
41,BMW,528i,COMPACT,2.8,6,A4,GS,14.6,288,764,111.544,133.8528
187,DODGE,GRAND CARAVAN FFV,MINIVAN,3.3,6,A4,GS,14.5,288,606,87.87,105.444
150,CHRYSLER,SEBRING CONVERTIBLE,COMPACT,2.5,6,AS4,GS,14.7,288,599,88.053,105.66359999999999
63,BUICK,PARK AVENUE #,FULL-SIZE,3.8,6,A4,GS,15.1,290,709,107.059,128.4708
466,PONTIAC,FIREBIRD/FORMULA,SUBCOMPACT,5.7,8,M6,GP,14.9,290,692,103.108,149.5066
181,DODGE,GRAND CARAVAN,MINIVAN,3.0,6,A4,GS,14.6,290,732,106.87199999999999,128.24639999999997
65,BUICK,REGAL #,MID-SIZE,3.8,6,A4,GS,15.1,290,624,94.22399999999999,113.06879999999998
163,DODGE,CARAVAN,MINIVAN,3.0,6,A4,DS,14.6,290,739,107.89399999999999,140.2622
419,MERCEDES-BENZ,CLK 430,SUBCOMPACT,4.3,8,A5,GP,14.4,290,761,109.584,158.8968
355,JAGUAR,S-TYPE V6,MID-SIZE,3.0,6,A5,DP,14.8,290,754,111.59200000000001,172.96760000000003
462,PONTIAC,BONNEVILLE #,FULL-SIZE,3.8,6,A4,GP,15.1,290,743,112.193,162.67985
425,MERCEDES-BENZ,E 430,MID-SIZE,4.3,8,A5,GP,14.6,292,626,91.396,132.5242
450,NISSAN,XTERRA,SUV,2.4,4,M5,GP,14.2,292,663,94.146,136.5117
31,BMW,323 CONVERTIBLE,COMPACT,2.5,6,A5,GS,14.6,292,559,81.61399999999999,97.93679999999999
329,HONDA,ODYSSEY,MINIVAN,3.5,6,A4,GS,14.9,292,711,105.939,127.12679999999999
386,LEXUS,RX 300,SUV,3.0,6,A4,GP,14.2,292,659,93.57799999999999,135.6881
15,AUDI,A4 QUATTRO,COMPACT,2.8,6,A5,GS,14.9,292,580,86.42,103.704
375,KIA,SPORTAGE 4X4,SUV,2.0,4,A4,GS,13.4,294,623,83.48200000000001,100.17840000000001
17,AUDI,A6,MID-SIZE,2.8,6,A5,GS,15.0,294,707,106.05,127.25999999999999
489,PORSCHE,BOXSTER S,TWO-SEATER,3.2,6,M6,GP,15.0,294,556,83.4,120.93
45,BMW,540i,COMPACT,4.4,8,A5,DS,14.7,294,608,89.376,116.18880000000001
54,BMW,X5,SUV,4.4,8,A5,GS,14.9,294,713,106.23700000000001,127.48440000000001
531,SUZUKI,GRAND VITARA 4X4,SUV,2.5,6,M5,GP,13.8,294,604,83.352,120.8604
66,CADILLAC,CATERA,MID-SIZE,3.0,6,A4,GS,14.7,294,707,103.929,124.7148
256,FORD,GRAND MARQUIS,FULL-SIZE,4.6,8,A4,GS,15.0,297,604,90.6,108.71999999999998
631,VOLVO,S80 T-6,MID-SIZE,2.8,6,AS4,GS,15.1,297,670,101.17,121.404
22,AUDI,A6 QUATTRO,MID-SIZE,2.8,6,M5,GP,14.6,297,642,93.73199999999999,135.9114
67,CADILLAC,DEVILLE,FULL-SIZE,4.6,8,A4,GS,15.5,297,587,90.985,109.182
68,CADILLAC,ELDORADO,MID-SIZE,4.6,8,A4,GS,15.5,297,689,106.795,128.154
70,CADILLAC,SEVILLE,MID-SIZE,4.6,8,A4,GS,15.5,297,715,110.825,132.99
487,PORSCHE,BOXSTER,TWO-SEATER,2.7,6,M5,GP,15.0,297,557,83.55,121.1475
388,LINCOLN,CONTINENTAL,FULL-SIZE,4.6,8,A4,GP,15.2,297,755,114.76,166.40200000000002
465,PONTIAC,FIREBIRD/FORMULA,SUBCOMPACT,5.7,8,A4,GP,14.9,299,564,84.036,121.8522
383,LEXUS,GS 400,MID-SIZE,4.0,8,A5,GP,15.0,299,727,109.05,158.1225
387,LEXUS,RX 300 4X4,SUV,3.0,6,A4,GP,14.4,299,668,96.19200000000001,139.4784
638,VOLVO,V70R AWD TURBO,STATION WAGON - MID-SIZE,2.4,5,A5,GS,14.7,299,758,111.426,133.7112
219,FORD,CROWN VICTORIA,FULL-SIZE,4.6,8,A4,GS,15.1,299,642,96.942,116.33039999999998
570,TOYOTA,TACOMA,PICKUP TRUCK - STANDARD,2.7,4,A4,GS,14.0,301,688,96.32,115.58399999999999
259,FORD,MUSTANG,SUBCOMPACT,4.6,8,A4,GS,15.1,301,693,104.64299999999999,125.57159999999998
572,TOYOTA,TACOMA 4X4,PICKUP TRUCK - STANDARD,2.7,4,A4,GS,14.2,301,654,92.868,111.4416
486,PORSCHE,BOXSTER,TWO-SEATER,2.7,6,AS5,GP,15.3,301,564,86.292,125.1234
539,TOYOTA,4RUNNER 4X4,SUV,2.7,4,A4,GP,14.2,301,666,94.57199999999999,137.12939999999998
483,PORSCHE,911 CARRERA,MINICOMPACT,3.4,6,M6,GP,15.4,301,693,106.72200000000001,154.7469
530,SUZUKI,GRAND VITARA 4X4,SUV,2.5,6,A4,GS,14.2,304,663,94.146,112.9752
389,LINCOLN,LS,MID-SIZE,3.0,6,A5,GP,15.4,304,746,114.884,166.5818
390,LINCOLN,LS,MID-SIZE,3.0,6,M5,GP,15.5,304,601,93.155,135.07475
26,AUDI,S4 QUATTRO,COMPACT,2.7,6,M6,GP,15.2,304,682,103.664,150.3128
393,LINCOLN,TOWN CAR,FULL-SIZE,4.6,8,A4,GP,15.3,304,634,97.00200000000001,140.65290000000002
416,MERCEDES-BENZ,C 43 AMG,COMPACT,4.3,8,A5,GP,14.7,304,661,97.16699999999999,140.89215
19,AUDI,A6 QUATTRO,MID-SIZE,2.7,6,A5,GS,15.2,304,726,110.35199999999999,132.42239999999998
275,FORD,WINDSTAR VAN,VAN - CARGO,3.8,6,A4,GS,14.9,304,554,82.546,99.0552
151,CHRYSLER,TOWN & COUNTRY,MINIVAN,3.8,6,A4,GS,15.2,304,564,85.728,102.8736
430,MERCEDES-BENZ,S 430,FULL-SIZE,4.3,8,A5,GP,15.3,304,714,109.242,158.4009
165,DODGE,CARAVAN,MINIVAN,3.8,6,A4,DS,15.2,304,580,88.16,114.608
234,FORD,EXPLORER,SUV,4.0,6,M5,GP,14.9,304,677,100.873,146.26585
183,DODGE,GRAND CARAVAN,MINIVAN,3.8,6,A4,GS,15.2,304,562,85.42399999999999,102.5088
420,MERCEDES-BENZ,CLK 430 CABRIOLET,MINICOMPACT,4.3,8,A5,GP,15.2,304,661,100.472,145.68439999999998
20,AUDI,A6 QUATTRO,MID-SIZE,2.7,6,M6,GP,15.2,304,552,83.904,121.6608
361,JAGUAR,XK8,SUBCOMPACT,4.0,8,A5,DP,15.4,304,658,101.33200000000001,157.0646
25,AUDI,S4 QUATTRO,COMPACT,2.7,6,A5,GS,15.2,304,671,101.99199999999999,122.39039999999999
260,FORD,MUSTANG,SUBCOMPACT,4.6,8,M5,GP,15.4,304,651,100.25399999999999,145.36829999999998
265,FORD,RANGER,PICKUP TRUCK - STANDARD,4.0,6,M5,GP,14.9,306,640,95.36,138.272
362,JAGUAR,XK8 CONVERTIBLE,MINICOMPACT,4.0,8,A5,DP,15.5,306,590,91.45,141.7475
449,NISSAN,QUEST,MINIVAN,3.3,6,A4,GP,15.5,306,624,96.72,140.244
18,AUDI,A6 AVANT QUATTRO,STATION WAGON - MID-SIZE,2.8,6,A5,GS,15.4,306,727,111.95800000000001,134.3496
88,CHEVROLET,CAMARO,SUBCOMPACT,5.7,8,A4,GS,15.4,306,633,97.48200000000001,116.97840000000001
359,JAGUAR,XJ8,COMPACT,4.0,8,A5,DP,15.5,306,586,90.83,140.7865
357,JAGUAR,VANDEN PLAS,MID-SIZE,4.0,8,A5,DP,15.5,306,650,100.75,156.1625
426,MERCEDES-BENZ,E 430 4MATIC,MID-SIZE,4.3,8,A5,GP,15.1,306,717,108.267,156.98714999999999
21,AUDI,A6 QUATTRO,MID-SIZE,2.8,6,A5,GS,15.4,306,593,91.322,109.5864
48,BMW,740i,MID-SIZE,4.4,8,A5,GS,15.4,308,734,113.036,135.6432
23,AUDI,A6 QUATTRO,MID-SIZE,4.2,8,A5,GS,15.5,308,768,119.04,142.848
24,AUDI,A8 QUATTRO,MID-SIZE,4.2,8,A5,GS,15.5,308,583,90.365,108.43799999999999
261,FORD,MUSTANG #,SUBCOMPACT,4.6,8,M5,GP,15.7,308,585,91.845,133.17525
460,PLYMOUTH,PROWLER,SUBCOMPACT,3.5,6,AS4,GP,15.4,308,766,117.964,171.0478
49,BMW,740iL,FULL-SIZE,4.4,8,A5,GS,15.4,308,675,103.95,124.74
95,CHEVROLET,CORVETTE,SUBCOMPACT,5.7,8,A4,GS,15.5,308,561,86.955,104.34599999999999
356,JAGUAR,S-TYPE V8,MID-SIZE,4.0,8,A5,DP,15.3,308,703,107.559,166.71645
482,PORSCHE,911 CARRERA,MINICOMPACT,3.4,6,AS5,GP,16.0,308,637,101.92,147.784
184,DODGE,GRAND CARAVAN,MINIVAN,3.8,6,AS4,GS,15.5,308,752,116.56,139.87199999999999
274,FORD,WINDSTAR VAN,VAN - CARGO,3.0,6,A4,GS,15.6,311,754,117.624,141.1488
485,PORSCHE,911 CARRERA 4,MINICOMPACT,3.4,6,M6,GP,15.7,311,765,120.105,174.15225
276,FORD,WINDSTAR WAGON,MINIVAN,3.0,6,A4,GS,15.6,311,572,89.23199999999999,107.07839999999997
277,FORD,WINDSTAR WAGON,MINIVAN,3.8,6,A4,GS,15.5,311,752,116.56,139.87199999999999
488,PORSCHE,BOXSTER S,TWO-SEATER,3.2,6,AS5,GP,15.9,311,550,87.45,126.8025
406,MAZDA,MPV,MINIVAN,2.5,6,A4,GS,15.2,313,714,108.52799999999999,130.2336
484,PORSCHE,911 CARRERA 4,MINICOMPACT,3.4,6,AS5,GP,16.0,313,558,89.28,129.456
349,ISUZU,HOMBRE,PICKUP TRUCK - SMALL,4.3,6,A4,GP,15.4,313,642,98.86800000000001,143.3586
124,CHEVROLET,S10,PICKUP TRUCK - SMALL,4.3,6,A4,GS,15.4,313,737,113.498,136.1976
312,GMC,SONOMA,PICKUP TRUCK - SMALL,4.3,6,A4,GP,15.4,313,641,98.714,143.1353
391,LINCOLN,LS,MID-SIZE,3.9,8,A5,GP,15.9,313,645,102.555,148.70475000000002
440,NISSAN,FRONTIER 4X4,PICKUP TRUCK - STANDARD,2.4,4,M5,DP,14.9,313,629,93.721,145.26755
398,MAZDA,B3000,PICKUP TRUCK - STANDARD,3.0,6,A4,DP,15.6,313,639,99.684,154.5102
363,JAGUAR,XKR #,SUBCOMPACT,4.0,8,A5,DP,15.7,313,728,114.296,177.1588
370,JEEP,TJ 4X4,SUV,2.5,4,M5,DP,14.7,315,705,103.635,160.63425
262,FORD,RANGER,PICKUP TRUCK - STANDARD,3.0,6,A4,GP,15.7,315,684,107.38799999999999,155.71259999999998
46,BMW,540i,COMPACT,4.4,8,M6,DP,16.4,317,715,117.25999999999998,181.75299999999996
427,MERCEDES-BENZ,E 55 AMG,MID-SIZE,5.5,8,A5,GP,16.0,317,723,115.68,167.73600000000002
366,JEEP,CHEROKEE 4X4,SUV,4.0,6,M5,GP,15.4,317,743,114.42200000000001,165.9119
540,TOYOTA,4RUNNER 4X4,SUV,2.7,4,M5,GP,15.4,320,618,95.17200000000001,137.9994
47,BMW,540i TOURING,STATION WAGON - SMALL,4.4,8,A5,DS,15.5,320,705,109.275,142.0575
152,CHRYSLER,TOWN & COUNTRY AWD,MINIVAN,3.8,6,A4,GS,16.2,320,611,98.98199999999999,118.77839999999998
431,MERCEDES-BENZ,S 500,FULL-SIZE,5.0,8,A5,GP,16.1,320,710,114.31000000000002,165.7495
401,MAZDA,B4000,PICKUP TRUCK - STANDARD,4.0,6,M5,DP,15.5,320,708,109.74,170.097
185,DODGE,GRAND CARAVAN AWD,MINIVAN,3.8,6,A4,GS,16.2,320,725,117.45,140.94
267,FORD,RANGER 4X4,PICKUP TRUCK - STANDARD,3.0,6,M5,GP,15.5,320,689,106.795,154.85275
399,MAZDA,B3000,PICKUP TRUCK - STANDARD,3.0,6,M5,DP,16.2,322,596,96.55199999999999,149.6556
313,GMC,SONOMA,PICKUP TRUCK - SMALL,4.3,6,M5,GP,16.2,322,701,113.56199999999998,164.66489999999996
263,FORD,RANGER,PICKUP TRUCK - STANDARD,3.0,6,M5,GP,16.2,322,564,91.368,132.4836
432,MERCEDES-BENZ,SL 500,SUBCOMPACT,5.0,8,A5,GP,16.3,322,609,99.26700000000001,143.93715
125,CHEVROLET,S10,PICKUP TRUCK - SMALL,4.3,6,M5,GP,16.1,322,567,91.287,132.36615
571,TOYOTA,TACOMA,PICKUP TRUCK - STANDARD,3.4,6,A4,GP,15.3,324,720,110.16,159.732
186,DODGE,GRAND CARAVAN AWD,MINIVAN,3.8,6,AS4,GS,16.4,324,551,90.36399999999999,108.43679999999999
574,TOYOTA,TACOMA 4X4,PICKUP TRUCK - STANDARD,3.4,6,A4,GP,15.2,324,733,111.416,161.5532
364,JAGUAR,XKR CONVERTIBLE #,MINICOMPACT,4.0,8,A5,DP,16.3,324,679,110.677,171.54935
76,CHEVROLET,BLAZER,SUV,4.3,6,M5,GP,16.3,327,694,113.12200000000001,164.0269
295,GMC,JIMMY,SUV,4.3,6,M5,DP,16.3,327,690,112.47,174.3285
127,CHEVROLET,S10 4X4,PICKUP TRUCK - STANDARD,4.3,6,M5,DP,16.3,329,619,100.897,156.39035
315,GMC,SONOMA 4X4,PICKUP TRUCK - STANDARD,4.3,6,M5,GP,16.3,329,645,105.135,152.44575
573,TOYOTA,TACOMA 4X4,PICKUP TRUCK - STANDARD,2.7,4,M5,GP,15.7,329,632,99.22399999999999,143.8748
169,DODGE,DAKOTA,PICKUP TRUCK - STANDARD,3.9,6,M5,DP,16.8,329,700,117.6,182.28
360,JAGUAR,XJR #,COMPACT,4.0,8,A5,DP,16.5,331,634,104.61,162.1455
358,JAGUAR,VANDEN PLAS SUPERCHARGED,MID-SIZE,4.0,8,A5,DP,16.6,331,649,107.73400000000001,166.98770000000002
576,TOYOTA,TUNDRA,PICKUP TRUCK - STANDARD,3.4,6,A4,GP,15.7,331,710,111.47,161.6315
575,TOYOTA,TACOMA 4X4,PICKUP TRUCK - STANDARD,3.4,6,M5,GP,15.7,331,690,108.33,157.0785
168,DODGE,DAKOTA,PICKUP TRUCK - STANDARD,3.9,6,A4,DS,16.3,331,624,101.712,132.22560000000001
542,TOYOTA,4RUNNER 4X4,SUV,3.4,6,M5,GP,15.7,331,685,107.545,155.94025
280,GMC,C1500 SIERRA,PICKUP TRUCK - STANDARD,4.8,8,A4,GP,16.3,334,720,117.36,170.172
81,CHEVROLET,C1500 SILVERADO,PICKUP TRUCK - STANDARD,4.8,8,A4,GS,16.3,334,715,116.545,139.85399999999998
243,FORD,F150,PICKUP TRUCK - STANDARD,4.2,6,M5,GP,16.3,334,611,99.59300000000002,144.40985000000003
541,TOYOTA,4RUNNER 4X4,SUV,3.4,6,A4,GP,15.7,334,554,86.978,126.11809999999998
428,MERCEDES-BENZ,ML 320,SUV,3.2,6,A5,GP,16.1,336,620,99.82,144.73899999999998
577,TOYOTA,TUNDRA,PICKUP TRUCK - STANDARD,3.4,6,M5,GP,16.0,336,563,90.08,130.61599999999999
240,FORD,EXPLORER SOHC,SUV,4.0,6,A5,GP,16.5,336,748,123.42,178.959
75,CHEVROLET,BLAZER,SUV,4.3,6,A4,GS,16.2,336,714,115.66799999999999,138.80159999999998
306,GMC,SAFARI CARGO,VAN - CARGO,4.3,6,A4,GP,16.2,336,681,110.32199999999999,159.96689999999998
367,JEEP,GRAND CHEROKEE 4X4,SUV,4.0,6,A4,GP,16.5,336,739,121.935,176.80575
236,FORD,EXPLORER 4X4,SUV,4.0,6,M5,GS,16.4,336,731,119.884,143.86079999999998
73,CHEVROLET,ASTRO CARGO,VAN - CARGO,4.3,6,A4,GS,16.2,336,707,114.53399999999999,137.4408
294,GMC,JIMMY,SUV,4.3,6,A4,DP,16.2,336,690,111.78,173.25900000000001
266,FORD,RANGER 4X4,PICKUP TRUCK - STANDARD,3.0,6,A4,GP,16.4,336,658,107.91199999999999,156.4724
365,JEEP,CHEROKEE 4X4,SUV,4.0,6,A4,GP,16.6,338,683,113.37800000000001,164.39810000000003
452,NISSAN,XTERRA V6,SUV,3.3,6,M5,GP,15.9,338,584,92.85600000000001,134.6412
242,FORD,F150,PICKUP TRUCK - STANDARD,4.2,6,A4,GP,16.7,340,753,125.751,182.33895
269,FORD,RANGER 4X4,PICKUP TRUCK - STANDARD,4.0,6,M5,GP,16.5,340,567,93.555,135.65475
351,ISUZU,RODEO 4X4,SUV,3.2,6,A4,DP,16.6,340,607,100.762,156.18110000000001
83,CHEVROLET,C1500 SILVERADO,PICKUP TRUCK - STANDARD,5.3,8,A4,GS,16.7,343,743,124.081,148.8972
282,GMC,C1500 SIERRA,PICKUP TRUCK - STANDARD,5.3,8,A4,GP,16.7,343,770,128.59,186.4555
241,FORD,EXPLORER SOHC 4X4,SUV,4.0,6,A5,GP,16.7,343,628,104.876,152.0702
451,NISSAN,XTERRA V6,SUV,3.3,6,A4,GP,16.5,343,571,94.215,136.61175
403,MAZDA,B4000 4X4,PICKUP TRUCK - STANDARD,4.0,6,M5,DP,16.5,343,708,116.82,181.071
126,CHEVROLET,S10 4X4,PICKUP TRUCK - STANDARD,4.3,6,A4,DS,16.8,345,558,93.744,121.8672
350,ISUZU,HOMBRE 4X4,PICKUP TRUCK - STANDARD,4.3,6,A4,GP,16.8,345,756,127.00800000000001,184.16160000000002
190,DODGE,RAM 1500,PICKUP TRUCK - STANDARD,3.9,6,M5,DP,17.4,345,584,101.61599999999999,157.5048
314,GMC,SONOMA 4X4,PICKUP TRUCK - STANDARD,4.3,6,A4,GP,16.8,345,721,121.12800000000001,175.6356
244,FORD,F150,PICKUP TRUCK - STANDARD,4.6,8,A4,GP,17.0,345,628,106.76,154.802
442,NISSAN,FRONTIER V6,PICKUP TRUCK - STANDARD,3.3,6,M5,DP,16.1,345,586,94.346,146.2363
372,JEEP,TJ 4X4,SUV,4.0,6,M5,GP,16.7,347,598,99.866,144.8057
352,ISUZU,RODEO 4X4,SUV,3.2,6,M5,GP,16.8,347,754,126.67200000000001,183.67440000000002
105,CHEVROLET,K1500 SILVERADO 4X4,PICKUP TRUCK - STANDARD,4.3,6,A4,GS,17.0,350,657,111.69,134.028
441,NISSAN,FRONTIER V6,PICKUP TRUCK - STANDARD,3.3,6,A4,DP,16.8,350,609,102.31200000000001,158.58360000000002
444,NISSAN,FRONTIER V6 4X4,PICKUP TRUCK - STANDARD,3.3,6,M5,DP,16.2,350,742,120.204,186.3162
307,GMC,SAFARI CARGO AWD,VAN - CARGO,4.3,6,A4,GP,17.0,350,720,122.4,177.48
454,NISSAN,XTERRA V6 4X4,SUV,3.3,6,M5,GP,16.2,350,650,105.3,152.685
71,CHEVROLET,ASTRO AWD CARGO,VAN - CARGO,4.3,6,A4,GS,17.0,350,615,104.55,125.46
189,DODGE,RAM 1500,PICKUP TRUCK - STANDARD,3.9,6,A4,DS,17.3,350,608,105.184,136.7392
296,GMC,JIMMY 4X4,SUV,4.3,6,A4,GP,17.0,350,742,126.14,182.903
298,GMC,K1500 SIERRA 4X4,PICKUP TRUCK - STANDARD,4.3,6,A4,GP,17.0,350,715,121.55,176.2475
77,CHEVROLET,BLAZER 4X4,SUV,4.3,6,A4,DS,16.9,350,767,129.623,168.5099
239,FORD,EXPLORER OHV 4X4,SUV,4.0,6,A5,GP,17.3,352,770,133.21,193.1545
204,DODGE,RAM 2500 VAN NGV,VAN - CARGO,5.2,8,A4,GS,20.8,353,739,153.71200000000002,184.45440000000002
264,FORD,RANGER,PICKUP TRUCK - STANDARD,4.0,6,A5,GP,17.0,354,604,102.68,148.886
245,FORD,F150,PICKUP TRUCK - STANDARD,4.6,8,M5,GP,17.8,354,563,100.214,145.31029999999998
429,MERCEDES-BENZ,ML 430,SUV,4.3,8,A5,GP,17.0,354,658,111.86,162.197
402,MAZDA,B4000 4X4,PICKUP TRUCK - STANDARD,4.0,6,A5,DP,17.2,354,654,112.488,174.3564
238,FORD,EXPLORER OHV,SUV,4.0,6,A5,GP,17.1,357,756,129.276,187.4502
268,FORD,RANGER 4X4,PICKUP TRUCK - STANDARD,4.0,6,A5,GP,17.3,357,755,130.615,189.39175
400,MAZDA,B4000,PICKUP TRUCK - STANDARD,4.0,6,A5,DP,17.1,357,702,120.042,186.0651
584,VOLKSWAGEN,EUROVAN,MINIVAN,2.8,6,A4,GS,17.6,357,745,131.12,157.344
170,DODGE,DAKOTA,PICKUP TRUCK - STANDARD,4.7,8,A4,GS,17.6,357,575,101.2,121.44
448,NISSAN,PATHFINDER 4X4,SUV,3.3,6,M5,GP,16.5,357,612,100.98,146.421
369,JEEP,TJ 4X4,SUV,2.5,4,A3,DP,16.6,357,551,91.46600000000001,141.77230000000003
72,CHEVROLET,ASTRO AWD PASSENGER,VAN - PASSENGER,4.3,6,A4,GS,17.4,359,768,133.63199999999998,160.35839999999996
309,GMC,SAFARI PASSENGER AWD,VAN - PASSENGER,4.3,6,A4,GP,17.4,359,622,108.228,156.9306
247,FORD,F150 4X4,PICKUP TRUCK - STANDARD,4.2,6,A4,GP,17.3,359,699,120.927,175.34415
230,FORD,EXPEDITION,SUV,4.6,8,A4,GP,17.8,359,695,123.71,179.37949999999998
224,FORD,E150 VAN,VAN - CARGO,4.6,8,A4,GS,17.8,359,569,101.28200000000001,121.53840000000001
443,NISSAN,FRONTIER V6 4X4,PICKUP TRUCK - STANDARD,3.3,6,A4,DP,17.3,361,696,120.40800000000002,186.63240000000002
453,NISSAN,XTERRA V6 4X4,SUV,3.3,6,A4,GP,17.3,361,718,124.214,180.1103
447,NISSAN,PATHFINDER 4X4,SUV,3.3,6,A4,GP,17.3,361,672,116.256,168.5712
246,FORD,F150,PICKUP TRUCK - STANDARD,5.4,8,A4,GP,17.9,363,590,105.61,153.1345
580,TOYOTA,TUNDRA 4X4,PICKUP TRUCK - STANDARD,3.4,6,M5,GP,17.1,363,712,121.75200000000001,176.5404
225,FORD,E150 VAN,VAN - CARGO,5.4,8,A4,GS,17.9,363,685,122.61499999999998,147.13799999999998
368,JEEP,GRAND CHEROKEE 4X4,SUV,4.7,8,A4,GP,18.0,363,706,127.08,184.266
171,DODGE,DAKOTA,PICKUP TRUCK - STANDARD,4.7,8,M5,GP,18.3,363,580,106.14,153.903
578,TOYOTA,TUNDRA,PICKUP TRUCK - STANDARD,4.7,8,A4,GP,17.3,363,756,130.788,189.64260000000002
353,ISUZU,TROOPER 4X4,SUV,3.5,6,A4,GP,17.8,366,716,127.44800000000001,184.7996
346,INFINITI,QX4 4X4,SUV,3.3,6,A4,DP,17.7,366,666,117.88199999999999,182.7171
107,CHEVROLET,K1500 SILVERADO 4X4,PICKUP TRUCK - STANDARD,4.8,8,A4,GS,17.3,366,729,126.117,151.3404
300,GMC,K1500 SIERRA 4X4,PICKUP TRUCK - STANDARD,4.8,8,A4,GP,17.3,366,626,108.29800000000002,157.0321
288,GMC,G15/G25 SAVANA CARGO,VAN - CARGO,4.3,6,A4,GP,17.8,368,664,118.19200000000001,171.3784
235,FORD,EXPLORER,SUV,5.0,8,A4,DS,18.4,368,560,103.04,133.95200000000003
79,CHEVROLET,C1500 SILVERADO,PICKUP TRUCK - STANDARD,4.3,6,A4,GS,17.7,368,579,102.48299999999999,122.97959999999998
97,CHEVROLET,G15/G25 CHEVY VAN,VAN - CARGO,4.3,6,A4,GS,17.8,368,557,99.146,118.9752
579,TOYOTA,TUNDRA 4X4,PICKUP TRUCK - STANDARD,3.4,6,A4,GP,17.2,368,667,114.72399999999999,166.3498
371,JEEP,TJ 4X4,SUV,4.0,6,A3,GP,17.3,368,566,97.918,141.9811
354,ISUZU,TROOPER 4X4,SUV,3.5,6,M5,GP,17.9,368,711,127.26899999999999,184.54004999999998
308,GMC,SAFARI PASSENGER,VAN - PASSENGER,4.3,6,A4,GP,17.7,368,589,104.25299999999999,151.16684999999998
74,CHEVROLET,ASTRO PASSENGER,VAN - PASSENGER,4.3,6,A4,GS,17.7,368,689,121.95299999999999,146.34359999999998
278,GMC,C1500 SIERRA,PICKUP TRUCK - STANDARD,4.3,6,A4,GP,17.7,368,631,111.68699999999998,161.94614999999996
175,DODGE,DAKOTA 4X4,PICKUP TRUCK - STANDARD,4.7,8,A4,DS,18.3,370,594,108.70200000000001,141.31260000000003
248,FORD,F150 4X4,PICKUP TRUCK - STANDARD,4.2,6,M5,GP,18.0,373,769,138.42,200.70899999999997
237,FORD,EXPLORER 4X4,SUV,5.0,8,A4,GP,18.7,373,553,103.411,149.94595
50,BMW,750iL,FULL-SIZE,5.4,12,A5,GS,19.1,373,571,109.061,130.8732
286,GMC,C2500 SIERRA,PICKUP TRUCK - STANDARD,5.3,8,A4,GP,17.9,373,748,133.892,194.14339999999999
281,GMC,C1500 SIERRA,PICKUP TRUCK - STANDARD,4.8,8,M5,GP,18.9,373,723,136.647,198.13814999999997
98,CHEVROLET,G15/G25 CHEVY VAN,VAN - CARGO,5.0,8,A4,GS,18.2,373,604,109.928,131.9136
82,CHEVROLET,C1500 SILVERADO,PICKUP TRUCK - STANDARD,4.8,8,M5,GP,18.9,373,698,131.922,191.2869
289,GMC,G15/G25 SAVANA CARGO,VAN - CARGO,5.0,8,A4,GP,18.2,373,607,110.47399999999999,160.1873
84,CHEVROLET,C2500 SILVERADO,PICKUP TRUCK - STANDARD,5.3,8,A4,GS,17.9,373,677,121.18299999999999,145.41959999999997
53,BMW,M5,COMPACT,4.9,8,M6,GP,19.6,375,594,116.42400000000002,168.81480000000002
585,VOLKSWAGEN,EUROVAN CAMPER,MINIVAN,2.8,6,A4,GS,18.6,375,576,107.13600000000001,128.5632
173,DODGE,DAKOTA 4X4,PICKUP TRUCK - STANDARD,3.9,6,A4,GS,18.1,375,744,134.66400000000002,161.5968
302,GMC,K1500 SIERRA 4X4,PICKUP TRUCK - STANDARD,5.3,8,A4,GP,18.0,377,618,111.24,161.298
109,CHEVROLET,K1500 SILVERADO 4X4,PICKUP TRUCK - STANDARD,5.3,8,A4,DS,18.0,377,589,106.02,137.826
197,DODGE,RAM 1500 VAN,VAN - CARGO,3.9,6,A3,GS,17.6,377,627,110.352,132.4224
292,GMC,G1500/G2500 SAVANA PASSENGER,VAN - PASSENGER,5.0,8,A4,GP,18.3,377,728,133.224,193.17479999999998
100,CHEVROLET,G1500/G2500 CHEVY EXPRESS,VAN - PASSENGER,4.3,6,A4,GS,18.3,380,713,130.47899999999998,156.57479999999998
249,FORD,F150 4X4,PICKUP TRUCK - STANDARD,4.6,8,A4,GP,18.5,380,619,114.515,166.04675
250,FORD,F150 4X4,PICKUP TRUCK - STANDARD,4.6,8,M5,GP,18.8,380,673,126.524,183.4598
59,BMW,Z8,TWO-SEATER,4.9,8,M6,GP,19.3,380,613,118.309,171.54805
291,GMC,G1500/G2500 SAVANA PASSENGER,VAN - PASSENGER,4.3,6,A4,GP,18.3,380,555,101.565,147.26925
581,TOYOTA,TUNDRA 4X4,PICKUP TRUCK - STANDARD,4.7,8,A4,GP,18.2,382,714,129.94799999999998,188.42459999999997
221,FORD,E150 CLUB WAGON,VAN - PASSENGER,4.6,8,A4,GS,18.8,382,595,111.86,134.232
176,DODGE,DAKOTA 4X4,PICKUP TRUCK - STANDARD,4.7,8,M5,DP,18.8,382,720,135.36,209.80800000000002
80,CHEVROLET,C1500 SILVERADO,PICKUP TRUCK - STANDARD,4.3,6,M5,DP,18.5,384,723,133.755,207.32025
279,GMC,C1500 SIERRA,PICKUP TRUCK - STANDARD,4.3,6,M5,GP,18.5,384,656,121.36,175.97199999999998
101,CHEVROLET,G1500/G2500 CHEVY EXPRESS,VAN - PASSENGER,5.0,8,A4,GS,18.5,384,710,131.35,157.61999999999998
198,DODGE,RAM 1500 VAN,VAN - CARGO,5.2,8,A4,GS,19.6,386,685,134.26000000000002,161.11200000000002
106,CHEVROLET,K1500 SILVERADO 4X4,PICKUP TRUCK - STANDARD,4.3,6,M5,DP,18.7,386,686,128.28199999999998,198.8371
174,DODGE,DAKOTA 4X4,PICKUP TRUCK - STANDARD,3.9,6,M5,GP,19.1,386,729,139.239,201.89655
78,CHEVROLET,BLAZER 4X4,SUV,4.3,6,M5,DP,18.7,386,613,114.631,177.67805
299,GMC,K1500 SIERRA 4X4,PICKUP TRUCK - STANDARD,4.3,6,M5,GP,18.7,386,750,140.25,203.36249999999998
297,GMC,JIMMY 4X4,SUV,4.3,6,M5,GP,18.7,386,664,124.16799999999999,180.04359999999997
178,DODGE,DURANGO 4X4,SUV,4.7,8,A4,GS,19.3,389,693,133.749,160.4988
223,FORD,E150 VAN,VAN - CARGO,4.2,6,A4,GS,19.0,389,669,127.11,152.53199999999998
283,GMC,C1500 YUKON,SUV,4.8,8,A4,GP,18.7,391,567,106.029,153.74204999999998
226,FORD,E250 VAN,VAN - CARGO,4.2,6,A4,GS,19.1,391,643,122.81300000000002,147.37560000000002
284,GMC,C1500 YUKON,SUV,5.3,8,A4,GP,18.9,391,569,107.54099999999998,155.93444999999997
285,GMC,C1500 YUKON XL,SUV,5.3,8,A4,GP,18.9,391,667,126.06299999999999,182.79134999999997
121,CHEVROLET,NEW K1500 TAHOE 4X4,SUV,5.3,8,A4,GS,18.9,391,553,104.517,125.42039999999999
117,CHEVROLET,NEW C1500 SUBURBAN,SUV,5.3,8,A4,GS,18.9,391,655,123.79499999999999,148.55399999999997
303,GMC,K1500 YUKON 4X4,SUV,4.8,8,A4,GP,18.7,391,696,130.152,188.72039999999998
118,CHEVROLET,NEW C1500 TAHOE,SUV,4.8,8,A4,GS,18.7,391,594,111.07799999999999,133.29359999999997
119,CHEVROLET,NEW C1500 TAHOE,SUV,5.3,8,A4,GS,18.9,391,675,127.57499999999999,153.08999999999997
120,CHEVROLET,NEW K1500 TAHOE 4X4,SUV,4.8,8,A4,GS,18.7,391,764,142.868,171.4416
304,GMC,K1500 YUKON 4X4,SUV,5.3,8,A4,GP,18.9,391,607,114.723,166.34834999999998
232,FORD,EXPEDITION 4X4,SUV,4.6,8,A4,GS,19.3,391,591,114.06300000000002,136.87560000000002
200,DODGE,RAM 1500 WAGON,VAN - PASSENGER,3.9,6,A3,GS,18.3,393,645,118.035,141.642
201,DODGE,RAM 1500 WAGON,VAN - PASSENGER,5.2,8,A4,GS,20.0,393,647,129.4,155.28
202,DODGE,RAM 2500 VAN,VAN - CARGO,5.2,8,A4,GS,20.0,393,667,133.4,160.08
220,FORD,E150 CLUB WAGON,VAN - PASSENGER,4.2,6,A4,GS,19.1,393,607,115.93700000000001,139.1244
433,MERCEDES-BENZ,SL 600,SUBCOMPACT,6.0,12,A5,GP,20.1,393,574,115.37400000000001,167.2923
290,GMC,G15/G25 SAVANA CARGO,VAN - CARGO,5.7,8,A4,GP,19.1,396,694,132.554,192.20329999999998
191,DODGE,RAM 1500,PICKUP TRUCK - STANDARD,5.2,8,A4,DS,20.0,396,582,116.4,151.32000000000002
192,DODGE,RAM 1500,PICKUP TRUCK - STANDARD,5.2,8,M5,GP,20.2,396,598,120.796,175.1542
208,DODGE,VIPER RT/10,SUBCOMPACT,8.0,10,M6,DP,21.4,396,645,138.02999999999997,213.94649999999996
207,DODGE,VIPER GTS,SUBCOMPACT,8.0,10,M6,DP,21.4,396,570,121.98,189.06900000000002
99,CHEVROLET,G15/G25 CHEVY VAN,VAN - CARGO,5.7,8,A4,GS,19.3,398,671,129.50300000000001,155.4036
379,LAND ROVER,RANGE ROVER 4X4,SUV,4.0,8,A4,GP,19.6,403,709,138.96400000000003,201.49780000000004
231,FORD,EXPEDITION,SUV,5.4,8,A4,GP,20.2,403,623,125.846,182.4767
377,LAND ROVER,DISCOVERY SERIES II 4X4,SUV,4.0,8,A4,GP,19.6,403,607,118.97200000000001,172.5094
378,LAND ROVER,DISCOVERY SERIES II 4X4,SUV,4.0,8,A4,DP,19.6,403,706,138.376,214.48280000000003
227,FORD,E250 VAN,VAN - CARGO,5.4,8,A4,GS,20.2,403,661,133.522,160.22639999999998
222,FORD,E150 CLUB WAGON,VAN - PASSENGER,5.4,8,A4,GS,19.9,403,593,118.00699999999999,141.6084
385,LEXUS,LX 470,SUV,4.7,8,A4,GP,19.4,405,670,129.98,188.47099999999998
108,CHEVROLET,K1500 SILVERADO 4X4,PICKUP TRUCK - STANDARD,4.8,8,M5,GP,20.1,405,759,152.55900000000003,221.21055000000004
301,GMC,K1500 SIERRA 4X4,PICKUP TRUCK - STANDARD,4.8,8,M5,GP,20.2,407,581,117.362,170.17489999999998
203,DODGE,RAM 2500 VAN,VAN - CARGO,5.9,8,A4,GS,21.5,416,597,128.355,154.02599999999998
193,DODGE,RAM 1500,PICKUP TRUCK - STANDARD,5.9,8,A4,DS,21.5,416,733,157.595,204.8735
206,DODGE,RAM 2500 WAGON,VAN - PASSENGER,5.9,8,A4,GS,21.8,423,638,139.084,166.9008
251,FORD,F150 4X4,PICKUP TRUCK - STANDARD,5.4,8,A4,GP,20.7,423,640,132.48,192.09599999999998
199,DODGE,RAM 1500 VAN,VAN - CARGO,5.9,8,A4,GS,20.8,423,640,133.12,159.744
172,DODGE,DAKOTA,PICKUP TRUCK - STANDARD,5.9,8,A4,DS,20.8,423,682,141.856,184.4128
102,CHEVROLET,G1500/G2500 CHEVY EXPRESS,VAN - PASSENGER,5.7,8,A4,GS,20.6,426,602,124.012,148.8144
293,GMC,G1500/G2500 SAVANA PASSENGER,VAN - PASSENGER,5.7,8,A4,GP,20.6,426,584,120.30400000000002,174.44080000000002
233,FORD,EXPEDITION 4X4,SUV,5.4,8,A4,GS,21.1,426,748,157.828,189.3936
196,DODGE,RAM 1500 4X4,PICKUP TRUCK - STANDARD,5.9,8,A4,GS,21.6,426,617,133.27200000000002,159.92640000000003
69,CADILLAC,ESCALADE 4X4,SUV,5.7,8,A4,GS,21.2,430,657,139.284,167.14079999999998
392,LINCOLN,NAVIGATOR 4X4,SUV,5.4,8,A4,GP,21.4,430,611,130.754,189.59329999999997
110,CHEVROLET,K1500 TAHOE 4X4,SUV,5.7,8,A4,DS,21.1,430,759,160.149,208.1937
305,GMC,K1500 YUKON 4X4,SUV,5.7,8,A4,GP,21.2,430,617,130.804,189.6658
287,GMC,C2500 SIERRA,PICKUP TRUCK - STANDARD,6.0,8,A4,GP,21.4,435,641,137.174,198.9023
85,CHEVROLET,C2500 SILVERADO,PICKUP TRUCK - STANDARD,6.0,8,A4,GS,21.4,435,711,152.154,182.5848
194,DODGE,RAM 1500 4X4,PICKUP TRUCK - STANDARD,5.2,8,A4,GP,21.6,435,681,147.096,213.2892
195,DODGE,RAM 1500 4X4,PICKUP TRUCK - STANDARD,5.2,8,M5,GP,22.1,437,629,139.00900000000001,201.56305
180,DODGE,DURANGO 5.9 R/T 4X4,SUV,5.9,8,A4,DS,22.3,444,652,145.39600000000002,189.01480000000004
177,DODGE,DAKOTA 4X4,PICKUP TRUCK - STANDARD,5.9,8,A4,GS,22.3,444,750,167.25,200.7
205,DODGE,RAM 2500 WAGON,VAN - PASSENGER,5.2,8,A4,GS,21.8,444,765,166.77,200.124
179,DODGE,DURANGO 4X4,SUV,5.9,8,A4,GS,22.3,444,582,129.786,155.7432
380,LAND ROVER,RANGE ROVER 4X4,SUV,4.6,8,A4,DP,22.1,458,760,167.96,260.338
210,FERRARI,360 MODENA F1,TWO-SEATER,3.6,8,M6,GP,24.1,472,741,178.58100000000002,258.94245
209,FERRARI,360 MODENA F1,TWO-SEATER,3.6,8,AS6,DS,24.6,474,676,166.29600000000002,216.18480000000002
214,FERRARI,456 MGTA,SUBCOMPACT,5.5,12,M6,GP,26.3,495,644,169.372,245.5894
212,FERRARI,456 MGT,SUBCOMPACT,5.5,12,M6,DP,26.3,495,701,184.363,285.76265
211,FERRARI,456 MGT,SUBCOMPACT,5.5,12,A4,DS,26.7,513,551,147.117,191.25209999999998
213,FERRARI,456 MGTA,SUBCOMPACT,5.5,12,A4,GS,26.7,513,550,146.85,176.22
215,FERRARI,550 MARANELLO,SUBCOMPACT,5.5,12,M6,GP,30.2,582,647,195.39399999999998,283.32129999999995
