,MAKE,MODEL,VEHICLE CLASS,ENGINE SIZE,CYLINDERS,TRANSMISSION,FUEL,FUEL CONSUMPTION,COEMISSIONS ,MAXIMUM RANGE
114,CHEVROLET,METRO,SUBCOMPACT,1.0,3,M5,GP,7.1,147,680
115,CHEVROLET,METRO,SUBCOMPACT,1.3,4,A3,GS,9.1,191,623
116,CHEVROLET,METRO,SUBCOMPACT,1.3,4,M5,DP,7.6,156,721
145,CHRYSLER,NEON,COMPACT,2.0,4,M5,DP,9.6,198,584
322,HONDA,CIVIC COUPE Si,SUBCOMPACT,1.6,4,M5,DP,9.8,205,577
325,HONDA,CIVIC CX/DX/LX/EX,SUBCOMPACT,1.6,4,M5,DP,8.8,184,729
328,HONDA,INSIGHT,SUBCOMPACT,1.0,3,M5,GS,4.9,104,582
334,HYUNDAI,ACCENT,COMPACT,1.5,4,M5,GS,9.7,198,723
411,MAZDA,PROTEGE,COMPACT,1.6,4,M5,DP,9.8,207,616
467,PONTIAC,FIREFLY,SUBCOMPACT,1.0,3,M5,GS,7.1,147,665
468,PONTIAC,FIREFLY,SUBCOMPACT,1.3,4,A3,DS,9.1,191,592
469,PONTIAC,FIREFLY,SUBCOMPACT,1.3,4,M5,DS,7.6,156,729
505,SATURN,SC,SUBCOMPACT,1.9,4,M5,GP,9.8,191,731
509,SATURN,SL,COMPACT,1.9,4,M5,GP,9.3,184,654
526,SUZUKI,ESTEEM,SUBCOMPACT,1.6,4,A4,DS,9.9,205,596
527,SUZUKI,ESTEEM,SUBCOMPACT,1.6,4,M5,DP,8.8,182,633
529,SUZUKI,ESTEEM WAGON,STATION WAGON - SMALL,1.8,4,M5,DP,9.6,196,584
532,SUZUKI,SWIFT,SUBCOMPACT,1.3,4,A3,DS,9.1,191,557
533,SUZUKI,SWIFT,SUBCOMPACT,1.3,4,M5,DS,7.6,156,593
555,TOYOTA,COROLLA,COMPACT,1.8,4,A4,GS,9.3,189,610
556,TOYOTA,COROLLA,COMPACT,1.8,4,M5,GS,8.7,179,766
557,TOYOTA,ECHO,COMPACT,1.5,4,A4,GS,8.6,179,698
558,TOYOTA,ECHO,COMPACT,1.5,4,M5,GS,8.2,173,724
590,VOLKSWAGEN,GOLF TDI DIESEL,COMPACT,1.9,4,A4,DS,8.1,192,689
591,VOLKSWAGEN,GOLF TDI DIESEL,COMPACT,1.9,4,M5,DP,6.7,165,742
602,VOLKSWAGEN,JETTA TDI DIESEL,COMPACT,1.9,4,A4,DS,8.1,192,596
603,VOLKSWAGEN,JETTA TDI DIESEL,COMPACT,1.9,4,M5,DS,6.7,165,571
608,VOLKSWAGEN,NEW BEETLE TDI DIESEL,SUBCOMPACT,1.9,4,A4,DS,8.1,192,748
609,VOLKSWAGEN,NEW BEETLE TDI DIESEL,SUBCOMPACT,1.9,4,M5,DP,6.7,165,716
